key,src,size,dram,oscm,osc,dl,total
1B/key0,2,1,59,1042,0,277744,278891
1B/key1,2,1,57,1085,0,270861,272064
1B/key2,2,1,78,1194,0,267908,269225
1B/key3,2,1,45913,23435,0,345837,415238
1B/key4,2,1,83,1366,0,265071,266577
1B/key5,2,1,70,1191,0,76362,77673
1B/key6,2,1,66,1052,0,72465,73628
1B/key7,2,1,61,1063,0,74392,75560
1B/key8,2,1,57,1081,0,70991,72171
1B/key9,2,1,58,1059,0,74899,76077
1B/key10,2,1,69,1121,0,75288,76536
1B/key11,2,1,67,1127,0,71122,72372
1B/key12,2,1,59,1128,0,75436,76674
1B/key13,2,1,68,1136,0,72421,73670
1B/key14,2,1,61,1064,0,74645,75817
1B/key15,2,1,59,1044,0,73323,74473
1B/key16,2,1,59,1014,0,73932,75054
1B/key17,2,1,60,1034,0,74254,75402
1B/key18,2,1,61,1076,0,72750,73936
1B/key19,2,1,60,1017,0,74284,75407
1B/key20,2,1,58,1023,0,261602,262737
1B/key21,2,1,56,1038,0,262334,263503
1B/key22,2,1,75,1117,0,264468,265717
1B/key23,2,1,66,1093,0,264153,265364
1B/key24,2,1,63,1042,0,265868,267030
1B/key25,2,1,60,1066,0,265920,267101
1B/key26,2,1,69,1062,0,263203,264387
1B/key27,2,1,60,1113,0,267816,269054
1B/key28,2,1,68,1123,0,270466,271712
1B/key29,2,1,66,1116,0,273859,275094
1B/key30,2,1,71,1127,0,275116,276364
1B/key31,2,1,63,1048,0,275167,276352
1B/key32,2,1,67,1235,0,277593,278947
1B/key33,2,1,56,1027,0,264521,265651
1B/key34,2,1,58,1180,0,273921,275206
1B/key35,2,1,59,1176,0,274546,275833
1B/key36,2,1,62,1231,0,261639,262977
1B/key37,2,1,66,1263,0,271685,273069
1B/key38,2,1,56,1176,0,279554,280832
1B/key39,2,1,68,1211,0,277031,278359
1B/key40,2,1,69,1190,0,273496,274818
1B/key41,2,1,81,1409,0,307782,309377
1B/key42,2,1,16050,15995,0,293487,325592
1B/key43,2,1,63,1354,0,278056,279528
1B/key44,2,1,73,1273,0,262508,263917
1B/key45,2,1,75,1298,0,276499,277935
1B/key46,2,1,71,1323,0,270239,271682
1B/key47,2,1,64,1247,0,261189,262564
1B/key48,2,1,70,1161,0,259824,261109
1B/key49,2,1,66,1107,0,259976,261200
1B/key50,2,1,67,1313,0,272904,274332
1B/key51,2,1,65,1208,0,284698,286017
1B/key52,2,1,66,1128,0,259848,261092
1B/key53,2,1,62,1157,0,259633,260910
1B/key54,2,1,65,1186,0,277831,279133
1B/key55,2,1,63,1135,0,264179,265427
1B/key56,2,1,66,1103,0,265073,266313
1B/key57,2,1,77,1231,0,280356,281712
1B/key58,2,1,95,4228,0,331943,336327
1B/key59,2,1,75,1414,0,268746,270289
1B/key60,2,1,56,1301,0,72946,74352
1B/key61,2,1,61,1317,0,73364,74792
1B/key62,2,1,59,1103,0,73668,74872
1B/key63,2,1,63,1186,0,70836,72134
1B/key64,2,1,63,1121,0,75024,76257
1B/key65,2,1,63,1133,0,73046,74289
1B/key66,2,1,60,1079,0,73973,75152
1B/key67,2,1,68,1086,0,72885,74084
1B/key68,2,1,58,1125,0,75260,76482
1B/key69,2,1,61,1066,0,75048,76222
1B/key70,2,1,65,1222,0,73255,74588
1B/key71,2,1,62,1199,0,73102,74434
1B/key72,2,1,67,1281,0,73890,75284
1B/key73,2,1,56,1159,0,72078,73333
1B/key74,2,1,57,1173,0,72244,73518
1B/key75,2,1,54,1190,0,73504,74791
1B/key76,2,1,56,1156,0,74354,75610
1B/key77,2,1,62,1138,0,265193,266452
1B/key78,2,1,63,1234,0,278615,279969
1B/key79,2,1,72,1261,0,281276,282658
1B/key80,2,1,61,1284,0,314884,316288
1B/key81,2,1,63,1201,0,272778,274085
1B/key82,2,1,60,1185,0,280271,281565
1B/key83,2,1,64,1205,0,274046,275371
1B/key84,2,1,63,1214,0,262793,264116
1B/key85,2,1,59,1234,0,262924,264263
1B/key86,2,1,69,1228,0,278318,279660
1B/key87,2,1,63,1240,0,275190,276542
1B/key88,2,1,61,1206,0,276646,277964
1B/key89,2,1,65,1209,0,270397,271723
1B/key90,2,1,69,1241,0,276187,277550
1B/key91,2,1,70,1151,0,274736,276004
1B/key92,2,1,65,1082,0,278927,280120
1B/key93,2,1,77,1124,0,274102,275365
1B/key94,2,1,70,1254,0,285311,286706
1B/key95,2,1,62,1339,0,281442,282900
1B/key96,2,1,95,2746,0,386999,389898
1B/key97,2,1,67,1179,0,262658,263950
1B/key98,2,1,61,1091,0,280448,281648
1B/key99,2,1,64,1122,0,272989,274228
1B/key100,2,1,71,1095,0,263431,264644
1B/key101,2,1,66,1198,0,271559,272886
1B/key102,2,1,73,1192,0,267820,269135
1B/key103,2,1,66,1146,0,265879,267140
1B/key104,2,1,62,1085,0,267850,269046
1B/key105,2,1,67,1096,0,265587,266795
1B/key106,2,1,66,1058,0,261629,262820
1B/key107,2,1,73,1105,0,264822,266071
1B/key108,2,1,72,1129,0,261078,262363
1B/key109,2,1,74,1109,0,267443,268675
1B/key110,2,1,73,1098,0,261310,262534
1B/key111,2,1,67,1065,0,267429,268658
1B/key112,2,1,70,1153,0,270247,271528
1B/key113,2,1,76,1755,0,271992,273900
1B/key114,2,1,82,1337,0,363612,365087
1B/key115,2,1,68,1119,0,260528,261793
1B/key116,2,1,59,1159,0,77254,78521
1B/key117,2,1,70,1076,0,261783,262979
1B/key118,2,1,62,1093,0,76182,77386
1B/key119,2,1,63,1102,0,73029,74240
1B/key120,2,1,55,1004,0,262153,263260
1B/key121,2,1,59,1049,0,74340,75494
1B/key122,2,1,65,1250,0,72359,73731
1B/key123,2,1,58,1103,0,71972,73187
1B/key124,2,1,53,1119,0,81652,82876
1B/key125,2,1,67,1138,0,74238,75496
1B/key126,2,1,81,1102,0,74865,76097
1B/key127,2,1,61,1103,0,74269,75482
1B/key128,2,1,55,1067,0,74194,75359
1B/key129,2,1,58,1034,0,73480,74615
1B/key130,2,1,60,1036,0,73992,75138
1B/key131,2,1,63,1038,0,71820,72966
1B/key132,2,1,56,1062,0,73265,74433
1B/key133,2,1,54,1028,0,256749,257902
1B/key134,2,1,77,1121,0,263825,265091
1B/key135,2,1,67,1147,0,262980,264258
1B/key136,2,1,73,1096,0,259234,260468
1B/key137,2,1,59,1147,0,259941,261209
1B/key138,2,1,74,1131,0,258734,260007
1B/key139,2,1,73,1269,0,263584,264998
1B/key140,2,1,66,1198,0,258485,259812
1B/key141,2,1,68,1317,0,266544,267995
1B/key142,2,1,73,1245,0,282586,283980
1B/key143,2,1,72,1200,0,269844,271186
1B/key144,2,1,74,1126,0,264027,265298
1B/key145,2,1,72,1104,0,262510,263756
1B/key146,2,1,69,1390,0,266050,267574
1B/key147,2,1,75,1255,0,268572,269972
1B/key148,2,1,69,1136,0,265897,267177
1B/key149,2,1,89,1563,0,272994,274698
1B/key150,2,1,110,1431,0,393071,394677
1B/key151,2,1,60,1187,0,262634,263959
1B/key152,2,1,67,1089,0,260336,261548
1B/key153,2,1,79,1056,0,265937,267125
1B/key154,2,1,60,1056,0,264868,266033
1B/key155,2,1,59,1087,0,266001,267207
1B/key156,2,1,64,1092,0,278460,279665
1B/key157,2,1,72,1076,0,261165,262360
1B/key158,2,1,61,1055,0,274867,276048
1B/key159,2,1,68,1094,0,276352,277564
1B/key160,2,1,100,1126,0,281850,283124
1B/key161,2,1,62,1096,0,266926,268131
1B/key162,2,1,60,1023,0,276714,277846
1B/key163,2,1,62,1084,0,276532,277728
1B/key164,2,1,62,1077,0,274402,275589
1B/key165,2,1,63,1055,0,262009,263175
1B/key166,2,1,58,1032,0,274506,275643
1B/key167,2,1,62,1229,0,261174,262515
1B/key168,2,1,61,1210,0,276664,277985
1B/key169,2,1,60,1142,0,277233,278512
1B/key170,2,1,72,1226,0,271958,273312
1B/key171,2,1,83,6000,0,350485,356620
1B/key172,2,1,60,1314,0,263453,264876
1B/key173,2,1,61,1280,0,76127,77519
1B/key174,2,1,64,1195,0,76909,78227
1B/key175,2,1,56,1133,0,75328,76560
1B/key176,2,1,67,1151,0,75132,76388
1B/key177,2,1,51,1055,0,75748,76896
1B/key178,2,1,57,1048,0,75215,76360
1B/key179,2,1,55,1059,0,78157,79316
1B/key180,2,1,58,1038,0,79512,80657
1B/key181,2,1,63,1056,0,76005,77176
1B/key182,2,1,66,1027,0,74214,75353
1B/key183,2,1,61,1048,0,76455,77609
1B/key184,2,1,60,1085,0,78458,79652
1B/key185,2,1,68,1045,0,75380,76537
1B/key186,2,1,57,1039,0,76140,77284
1B/key187,2,1,57,1039,0,79104,80246
1B/key188,2,1,53,1018,0,75174,76292
1B/key189,2,1,50,1034,0,76231,77358
1B/key190,2,1,65,1079,0,76354,77542
1B/key191,2,1,52,1061,0,76978,78159
1B/key192,2,1,60,1143,0,74084,75334
1B/key193,2,1,55,998,0,80460,81558
1B/key194,2,1,56,1072,0,263322,264493
1B/key195,2,1,60,1214,0,275806,277127
1B/key196,2,1,57,1256,0,275451,276812
1B/key197,2,1,65,1251,0,271864,273224
1B/key198,2,1,60,1204,0,272348,273657
1B/key199,2,1,58,1092,0,264353,265591
1B/key200,2,1,67,1208,0,273540,274873
1B/key201,2,1,64,1223,0,269879,271212
1B/key202,2,1,70,1271,0,260129,261517
1B/key203,2,1,70,1175,0,263574,264896
1B/key204,2,1,76,1180,0,278928,280262
1B/key205,2,1,84,1217,0,278085,279475
1B/key206,2,1,86,1642,0,271136,272919
1B/key207,2,1,120,4233,0,343416,347847
1B/key208,2,1,151,1246,0,262565,264032
1B/key209,2,1,85,1240,0,281588,282985
1B/key210,2,1,84,1292,0,266806,268260
1B/key211,2,1,82,1253,0,283091,284507
1B/key212,2,1,155,1343,0,264217,265797
1B/key213,2,1,73,1329,0,268497,269982
1B/key214,2,1,82,1341,0,278805,280305
1B/key215,2,1,69,1328,0,284950,286427
1B/key216,2,1,77,1214,0,268787,270161
1B/key217,2,1,82,1210,0,262859,264230
1B/key218,2,1,84,1288,0,265968,267419
1B/key219,2,1,68,1339,0,261987,263476
1B/key220,2,1,86,1272,0,267633,269073
1B/key221,2,1,79,1272,0,269021,270463
1B/key222,2,1,79,1304,0,264732,266199
1B/key223,2,1,80,1301,0,272279,273742
1B/key224,2,1,80,1321,0,262199,263678
1B/key225,2,1,75,1320,0,267573,269048
1B/key226,2,1,75,1321,0,267068,268546
1B/key227,2,1,81,1238,0,263110,264512
1B/key228,2,1,71,1275,0,266816,268244
1B/key229,2,1,73,1289,0,264563,266005
1B/key230,2,1,78,1312,0,270115,271595
1B/key231,2,1,88,1419,0,306802,308400
1B/key232,2,1,105,2534,0,305085,307794
1B/key233,2,1,102,1452,0,278757,280380
1B/key234,2,1,74,1301,0,75305,76737
1B/key235,2,1,75,1189,0,262414,263759
1B/key236,2,1,64,1340,0,77129,78663
1B/key237,2,1,182,2069,0,76662,78994
1B/key238,2,1,86,1322,0,73571,75043
1B/key239,2,1,65,1292,0,76236,77671
1B/key240,2,1,77,1189,0,75394,76738
1B/key241,2,1,75,1296,0,78483,79919
1B/key242,2,1,62,1104,0,75819,77050
1B/key243,2,1,66,1251,0,74067,75458
1B/key244,2,1,82,1191,0,73871,75211
1B/key245,2,1,72,1211,0,76316,77661
1B/key246,2,1,63,1196,0,74506,75820
1B/key247,2,1,60,1038,0,75298,76448
1B/key248,2,1,73,1084,0,76430,77642
1B/key249,2,1,68,1132,0,75032,76308
1B/key250,2,1,67,1066,0,76836,78020
1B/key251,2,1,66,1056,0,73388,74561
1B/key252,2,1,61,1047,0,266407,267583
1B/key253,2,1,68,1142,0,264116,265377
1B/key254,2,1,67,1204,0,266639,267970
1B/key255,2,1,57,1442,0,264786,266333
1B/key256,2,1,67,1267,0,268949,270337
1B/key257,2,1,68,1226,0,262351,263695
1B/key258,2,1,62,1244,0,261639,262992
1B/key259,2,1,65,1226,0,277538,278877
1B/key260,2,1,65,1180,0,271280,272600
1B/key261,2,1,80,1320,0,271974,284384
1B/key262,2,1,153,1311,0,343117,344640
1B/key263,2,1,61,1170,0,266711,267993
1B/key264,2,1,70,1166,0,264943,266224
1B/key265,2,1,65,1097,0,261797,263028
1B/key266,2,1,72,1341,0,269027,270505
1B/key267,2,1,77,1271,0,264254,265685
1B/key268,2,1,72,1241,0,259916,261302
1B/key269,2,1,72,1185,0,266734,268050
1B/key270,2,1,71,1180,0,267379,268685
1B/key271,2,1,66,1114,0,271264,272528
1B/key272,2,1,71,1229,0,278145,279516
1B/key273,2,1,65,1169,0,277619,278910
1B/key274,2,1,66,1154,0,268874,270144
1B/key275,2,1,63,1277,0,275202,276589
1B/key276,2,1,67,1202,0,273848,275172
1B/key277,2,1,66,1150,0,265184,266448
1B/key278,2,1,61,1098,0,262389,263622
1B/key279,2,1,77,1139,0,265347,266620
1B/key280,2,1,71,1145,0,275976,277248
1B/key281,2,1,65,1149,0,278823,280090
1B/key282,2,1,67,1158,0,276228,277503
1B/key283,2,1,68,1241,0,265976,267332
1B/key284,2,1,62,1243,0,263900,265262
1B/key285,2,1,54,1250,0,276284,277646
1B/key286,2,1,67,1183,0,268064,269359
1B/key287,2,1,60,1175,0,274235,275522
1B/key288,2,1,60,1149,0,279954,281238
1B/key289,2,1,81,1446,0,278468,280044
1B/key290,2,1,77,1270,0,373238,374646
1B/key291,2,1,81,1367,0,277618,279127
1B/key292,2,1,67,1338,0,76123,77585
1B/key293,2,1,70,1218,0,72315,73652
1B/key294,2,1,57,1121,0,73628,74852
1B/key295,2,1,65,1092,0,74454,75689
1B/key296,2,1,68,1093,0,76949,78166
1B/key297,2,1,73,1110,0,75710,76948
1B/key298,2,1,60,1092,0,73077,74300
1B/key299,2,1,75,1116,0,76055,77306
1B/key300,2,1,56,1080,0,72732,73923
1B/key301,2,1,63,1043,0,73848,75008
1B/key302,2,1,59,1014,0,73885,75007
1B/key303,2,1,57,1090,0,76046,77235
1B/key304,2,1,57,1175,0,76177,77456
1B/key305,2,1,56,1253,0,74424,75778
1B/key306,2,1,54,1101,0,73880,75083
1B/key307,2,1,62,1062,0,72419,73589
1B/key308,2,1,52,1049,0,72226,73372
1B/key309,2,1,56,1050,0,76251,77401
1B/key310,2,1,54,1064,0,72928,74092
1B/key311,2,1,61,1068,0,72564,73761
1B/key312,2,1,56,1060,0,73799,74963
1B/key313,2,1,63,1014,0,265017,266141
1B/key314,2,1,62,1124,0,275048,276278
1B/key315,2,1,61,1216,0,268708,270028
1B/key316,2,1,58,1153,0,259722,260977
1B/key317,2,1,65,1187,0,265336,266633
1B/key318,2,1,59,1220,0,260905,262250
1B/key319,2,1,77,1524,0,264153,265855
1B/key320,2,1,98,3518,0,364490,368162
1B/key321,2,1,69,1290,0,263027,264438
1B/key322,2,1,68,1194,0,265748,267054
1B/key323,2,1,61,1153,0,272722,273986
1B/key324,2,1,71,1257,0,264105,265485
1B/key325,2,1,63,1233,0,265857,267204
1B/key326,2,1,61,1149,0,262390,263647
1B/key327,2,1,66,1073,0,282611,283816
1B/key328,2,1,75,1107,0,275403,276636
1B/key329,2,1,68,1117,0,262972,264204
1B/key330,2,1,67,1121,0,260737,261970
1B/key331,2,1,68,1086,0,261955,263151
1B/key332,2,1,64,1242,0,278985,280337
1B/key333,2,1,56,1221,0,267105,268429
1B/key334,2,1,59,1093,0,264959,266154
1B/key335,2,1,57,1066,0,266511,267681
1B/key336,2,1,55,1268,0,260954,262326
1B/key337,2,1,60,1257,0,282345,283710
1B/key338,2,1,70,1261,0,276094,277472
1B/key339,2,1,55,1172,0,265783,267056
1B/key340,2,1,101,1220,0,269673,271040
1B/key341,2,1,55,1221,0,280509,281837
1B/key342,2,1,57,1234,0,280808,282158
1B/key343,2,1,58,1291,0,261394,262793
1B/key344,2,1,56,1250,0,267286,268641
1B/key345,2,1,62,1187,0,268190,269502
1B/key346,2,1,72,1248,0,264155,265526
1B/key347,2,1,66,1264,0,276336,277742
1B/key348,2,1,73,1310,0,264133,265583
1B/key349,2,1,68,1276,0,296618,298046
1B/key350,2,1,67,1344,0,266357,267815
1B/key351,2,1,60,1269,0,346302,347707
1B/key352,2,1,69,1325,0,264475,265917
1B/key353,2,1,67,1265,0,73283,74658
1B/key354,2,1,61,1214,0,72360,73679
1B/key355,2,1,59,1212,0,269410,270731
1B/key356,2,1,65,1273,0,70821,72210
1B/key357,2,1,60,1182,0,72649,73935
1B/key358,2,1,61,1185,0,73672,74962
1B/key359,2,1,53,1188,0,73560,74842
1B/key360,2,1,64,1096,0,73498,74697
1B/key361,2,1,62,1092,0,78102,79303
1B/key362,2,1,64,1088,0,74140,75336
1B/key363,2,1,62,1094,0,73414,74614
1B/key364,2,1,60,1054,0,74069,75223
1B/key365,2,1,59,1055,0,75943,77099
1B/key366,2,1,53,1053,0,74322,75472
1B/key367,2,1,73,1038,0,273196,274346
1B/key368,2,1,63,1138,0,273879,275126
1B/key369,2,1,58,1150,0,278530,279800
1B/key370,2,1,61,1176,0,273661,274967
1B/key371,2,1,73,1272,0,289862,291256
1B/key372,2,1,95,1403,0,301210,302766
1B/key373,2,1,82,1303,0,275806,277241
1B/key374,2,1,60,1220,0,279123,280447
1B/key375,2,1,57,1170,0,276592,277869
1B/key376,2,1,62,1195,0,262245,263549
1B/key377,2,1,66,1168,0,275308,276594
1B/key378,2,1,62,1162,0,264692,265964
1B/key379,2,1,71,1122,0,272881,274122
1B/key380,2,1,67,1075,0,268008,269200
1B/key381,2,1,59,1209,0,260251,261569
1B/key382,2,1,65,1235,0,260913,262264
1B/key383,2,1,57,1206,0,267825,269134
1B/key384,2,1,65,1090,0,264078,265275
1B/key385,2,1,64,1032,0,261062,262205
1B/key386,2,1,64,1130,0,259771,261011
1B/key387,2,1,62,1059,0,260960,262127
1B/key388,2,1,61,1079,0,267476,268678
1B/key389,2,1,67,1126,0,260673,261920
1B/key390,2,1,61,1109,0,261665,262887
1B/key391,2,1,67,1074,0,265826,267047
1B/key392,2,1,76,1091,0,265892,267105
1B/key393,2,1,59,1125,0,271593,272828
1B/key394,2,1,63,1259,0,263235,264604
1B/key395,2,1,60,1210,0,266282,267595
1B/key396,2,1,56,1220,0,265484,266806
1B/key397,2,1,52,1227,0,266617,267937
1B/key398,2,1,64,1207,0,276677,277991
1B/key399,2,1,62,1250,0,263176,264551
1B/key400,2,1,75,1367,0,277473,278975
1B/key401,2,1,69,1392,0,293091,294611
1B/key402,2,1,73,1330,0,267268,268725
1B/key403,2,1,60,1232,0,278216,279571
1B/key404,2,1,78,1530,0,280583,282282
1B/key405,2,1,76,1442,0,339781,341359
1B/key406,2,1,65,1411,0,265523,267054
1B/key407,2,1,75,1407,0,75037,76567
1B/key408,2,1,60,1191,0,73473,74768
1B/key409,2,1,69,1154,0,76557,77822
1B/key410,2,1,50,1303,0,75654,77064
1B/key411,2,1,56,1082,0,87233,88411
1B/key412,2,1,58,1145,0,75547,76796
1B/key413,2,1,59,1088,0,75674,76861
1B/key414,2,1,58,1088,0,72759,73952
1B/key415,2,1,55,1079,0,72846,74027
1B/key416,2,1,64,1128,0,74506,75741
1B/key417,2,1,58,1129,0,73286,74520
1B/key418,2,1,80,1132,0,74679,75931
1B/key419,2,1,69,1157,0,72217,73485
1B/key420,2,1,60,1177,0,71819,73101
1B/key421,2,1,61,1160,0,74602,75873
1B/key422,2,1,62,1182,0,75433,76714
1B/key423,2,1,62,1190,0,374190,375485
1B/key424,2,1,64,1251,0,264216,265577
1B/key425,2,1,64,1292,0,268298,269718
1B/key426,2,1,72,1418,0,268981,270524
1B/key427,2,1,93,1488,0,473923,475557
1B/key428,2,1,65,1335,0,262307,263766
1B/key429,2,1,61,1364,0,261401,262874
1B/key430,2,1,66,1281,0,266213,267612
1B/key431,2,1,60,1257,0,262749,264139
1B/key432,2,1,68,1332,0,276059,277505
1B/key433,2,1,73,1260,0,259202,260582
1B/key434,2,1,63,1225,0,260796,262130
1B/key435,2,1,66,1251,0,268185,269557
1B/key436,2,1,70,1250,0,270363,271732
1B/key437,2,1,63,1293,0,261096,262499
1B/key438,2,1,63,1179,0,272745,274037
1B/key439,2,1,55,1126,0,259616,260843
1B/key440,2,1,62,1249,0,275332,276685
1B/key441,2,1,62,1217,0,262623,263950
1B/key442,2,1,56,1103,0,267240,268444
1B/key443,2,1,57,1237,0,260911,262249
1B/key444,2,1,62,1125,0,274118,275352
1B/key445,2,1,62,1115,0,272517,273738
1B/key446,2,1,61,1210,0,271105,272422
1B/key447,2,1,59,1296,0,259597,260998
1B/key448,2,1,66,1233,0,258618,259975
1B/key449,2,1,67,1222,0,268784,270123
1B/key450,2,1,60,1246,0,276873,278232
1B/key451,2,1,63,1209,0,269247,270565
1B/key452,2,1,70,1138,0,269066,270320
1B/key453,2,1,66,1222,0,258202,259539
1B/key454,2,1,69,1148,0,274528,275797
1B/key455,2,1,66,1268,0,263788,265170
1B/key456,2,1,65,1136,0,264064,265321
1B/key457,2,1,69,1169,0,262768,264055
1B/key458,2,1,58,1217,0,265448,266770
1B/key459,2,1,68,1140,0,261029,262278
1B/key460,2,1,69,1236,0,270432,271808
1B/key461,2,1,80,1629,0,265570,267346
1B/key462,2,1,78,9133,0,351666,360932
1B/key463,2,1,64,1286,0,259590,260990
1B/key464,2,1,61,1334,0,257351,258790
1B/key465,2,1,62,1258,0,74301,75670
1B/key466,2,1,69,1237,0,72014,73364
1B/key467,2,1,59,1234,0,71811,73151
1B/key468,2,1,63,1292,0,73084,74480
1B/key469,2,1,67,1294,0,73978,75381
1B/key470,2,1,58,1178,0,70496,71773
1B/key471,2,1,58,1161,0,71050,72335
1B/key472,2,1,59,1196,0,72920,74216
1B/key473,2,1,57,1055,0,71746,72898
1B/key474,2,1,54,1077,0,75183,76353
1B/key475,2,1,51,1127,0,72482,73700
1B/key476,2,1,58,1177,0,74632,75924
1B/key477,2,1,68,1319,0,74877,76316
1B/key478,2,1,69,1245,0,75916,77296
1B/key479,2,1,68,1282,0,71786,73196
1B/key480,2,1,71,1316,0,75147,76599
1B/key481,2,1,72,1216,0,73356,93317
1B/key482,2,1,82,1376,0,71587,73115
1B/key483,2,1,104,1346,0,357761,359265
1B/key484,2,1,61,1282,0,261284,262679
1B/key485,2,1,66,1270,0,268383,269776
1B/key486,2,1,69,1316,0,272828,274269
1B/key487,2,1,71,1385,0,260903,262425
1B/key488,2,1,69,1352,0,272253,273727
1B/key489,2,1,63,1226,0,263257,264593
1B/key490,2,1,62,1251,0,263574,264935
1B/key491,2,1,63,1263,0,260671,262046
1B/key492,2,1,68,1275,0,262546,263936
1B/key493,2,1,65,1247,0,258922,260285
1B/key494,2,1,60,1228,0,263390,264726
1B/key495,2,1,69,1281,0,260572,261966
1B/key496,2,1,59,1250,0,262290,263640
1B/key497,2,1,65,1269,0,267677,269061
1B/key498,2,1,66,1260,0,275698,277068
1B/key499,2,1,69,1311,0,279239,280668
1B/key500,2,1,112,1233,0,266598,267991
1B/key501,2,1,66,1340,0,262780,264240
1B/key502,2,1,65,1223,0,267268,268602
1B/key503,2,1,61,1248,0,258320,259682
1B/key504,2,1,67,1256,0,261260,262629
1B/key505,2,1,61,1231,0,262045,263385
1B/key506,2,1,60,1225,0,262677,264016
1B/key507,2,1,70,1288,0,265787,267195
1B/key508,2,1,61,1229,0,262690,264027
1B/key509,2,1,51,1333,0,264382,265815
1B/key510,2,1,66,1232,0,260933,262277
1B/key511,2,1,65,1241,0,266754,268129
1B/key512,2,1,70,1305,0,262103,263533
1B/key513,2,1,72,1275,0,268942,270337
1B/key514,2,1,65,1205,0,277230,278541
1B/key515,2,1,56,1228,0,269194,270526
1B/key516,2,1,63,1257,0,278261,279630
1B/key517,2,1,63,1219,0,272334,273662
1B/key518,2,1,57,1231,0,279417,280750
1B/key519,2,1,58,1180,0,265355,266649
1B/key520,2,1,72,1375,0,294121,295644
1B/key521,2,1,83,1585,0,380331,382055
1B/key522,2,1,71,1311,0,265580,267015
1B/key523,2,1,62,1317,0,265027,266452
1B/key524,2,1,59,1261,0,75931,77302
1B/key525,2,1,65,1197,0,75201,76526
1B/key526,2,1,74,1243,0,74286,75659
1B/key527,2,1,71,1581,0,74654,76366
1B/key528,2,1,77,1430,0,73597,75165
1B/key529,2,1,70,1261,0,74733,76120
1B/key530,2,1,70,1411,0,74452,88928
1B/key531,2,1,2224,1375,0,76535,80180
1B/key532,2,1,72,1292,0,74020,75448
1B/key533,2,1,78,1395,0,76905,78431
1B/key534,2,1,61,1144,0,79293,80555
1B/key535,2,1,61,1163,0,76085,77353
1B/key536,2,1,56,1064,0,74930,76099
1B/key537,2,1,51,1074,0,77030,78196
1B/key538,2,1,66,1180,0,72104,73400
1B/key539,2,1,66,1115,0,76461,77686
1B/key540,2,1,56,1087,0,77193,78374
1B/key541,2,1,62,1118,0,76338,77568
1B/key542,2,1,60,1133,0,269368,270609
1B/key543,2,1,61,1268,0,275691,277066
1B/key544,2,1,64,1251,0,273718,275079
1B/key545,2,1,49,1265,0,280007,281366
1B/key546,2,1,62,1223,0,279882,281222
1B/key547,2,1,70,1268,0,265877,267265
1B/key548,2,1,67,1255,0,280302,281670
1B/key549,2,1,59,1242,0,270211,271559
1B/key550,2,1,65,1259,0,310219,311594
1B/key551,2,1,62,1246,0,285688,287089
1B/key552,2,1,81,1458,0,275779,277371
1B/key553,2,1,62,1226,0,264094,265435
1B/key554,2,1,61,1264,0,265305,266680
1B/key555,2,1,58,1258,0,278269,279650
1B/key556,2,1,63,1281,0,263200,264587
1B/key557,2,1,69,1278,0,258924,260323
1B/key558,2,1,62,1288,0,261986,263385
1B/key559,2,1,65,1250,0,261106,262461
1B/key560,2,1,56,1275,0,262928,264305
1B/key561,2,1,76,1231,0,262300,263662
1B/key562,2,1,63,1236,0,272797,274148
1B/key563,2,1,58,1376,0,273119,274606
1B/key564,2,1,64,1295,0,276327,277737
1B/key565,2,1,65,1260,0,275847,277228
1B/key566,2,1,57,1255,0,271850,273204
1B/key567,2,1,60,1209,0,275688,277004
1B/key568,2,1,61,1153,0,260955,262217
1B/key569,2,1,64,1233,0,261169,262508
1B/key570,2,1,60,1257,0,265130,266494
1B/key571,2,1,63,1255,0,269865,271234
1B/key572,2,1,63,1325,0,271154,272585
1B/key573,2,1,67,1235,0,263788,265159
1B/key574,2,1,65,1330,0,258165,259632
1B/key575,2,1,74,1288,0,275238,276649
1B/key576,2,1,61,1263,0,259811,261185
1B/key577,2,1,61,1237,0,261144,262484
1B/key578,2,1,62,1252,0,264625,266000
1B/key579,2,1,76,1379,0,271108,272634
1B/key580,2,1,73,1451,0,298725,300310
1B/key581,2,1,79,1464,0,272962,274575
1B/key582,2,1,68,1398,0,71549,73069
1B/key583,2,1,90,1487,0,75815,77434
1B/key584,2,1,75,1444,0,526406,527982
1B/key585,2,1,60,1327,0,76059,77494
1B/key586,2,1,66,1184,0,74105,75398
1B/key587,2,1,58,1170,0,74847,76124
1B/key588,2,1,55,1113,0,77257,78472
1B/key589,2,1,67,1169,0,80690,81971
1B/key590,2,1,59,1128,0,73645,74871
1B/key591,2,1,52,1103,0,73858,75074
1B/key592,2,1,61,1093,0,75133,76327
1B/key593,2,1,63,1093,0,75844,77040
1B/key594,2,1,57,1076,0,74661,75834
1B/key595,2,1,59,1092,0,78630,79825
1B/key596,2,1,60,1071,0,74436,75606
1B/key597,2,1,63,1089,0,76039,77235
1B/key598,2,1,56,1216,0,74956,76272
1B/key599,2,1,61,1178,0,76634,77911
1B/key600,2,1,49,1073,0,72194,73365
1B/key601,2,1,59,1161,0,74695,75963
1B/key602,2,1,63,1107,0,73077,74288
1B/key603,2,1,59,1124,0,88055,89279
1B/key604,2,1,63,1105,0,75351,76558
1B/key605,2,1,53,1071,0,73272,74436
1B/key606,2,1,51,1141,0,269929,271190
1B/key607,2,1,73,1303,0,271634,273083
1B/key608,2,1,64,1298,0,268723,270151
1B/key609,2,1,71,1286,0,265676,267097
1B/key610,2,1,67,1278,0,270301,271711
1B/key611,2,1,62,1291,0,276559,277968
1B/key612,2,1,70,1339,0,272815,274274
1B/key613,2,1,65,1298,0,260180,261592
1B/key614,2,1,70,1243,0,266622,267985
1B/key615,2,1,66,1255,0,270614,271977
1B/key616,2,1,66,1251,0,259086,260449
1B/key617,2,1,57,1278,0,282131,283514
1B/key618,2,1,61,1250,0,268341,269697
1B/key619,2,1,66,1209,0,278189,279509
1B/key620,2,1,59,1301,0,274302,275708
1B/key621,2,1,70,1213,0,261652,262995
1B/key622,2,1,65,1243,0,263625,264995
1B/key623,2,1,88,1279,0,265765,267182
1B/key624,2,1,60,1275,0,273549,274932
1B/key625,2,1,61,1235,0,271574,272921
1B/key626,2,1,66,1263,0,263155,264534
1B/key627,2,1,60,1257,0,265112,266475
1B/key628,2,1,60,1273,0,273631,275021
1B/key629,2,1,67,1357,0,264043,265521
1B/key630,2,1,64,1266,0,261443,262827
1B/key631,2,1,66,1236,0,259924,261300
1B/key632,2,1,68,1395,0,258746,260264
1B/key633,2,1,66,1222,0,264285,265620
1B/key634,2,1,68,1252,0,259616,260977
1B/key635,2,1,55,1228,0,269687,271022
1B/key636,2,1,61,1255,0,265354,266717
1B/key637,2,1,65,1228,0,267786,269129
1B/key638,2,1,58,1286,0,267915,269306
1B/key639,2,1,53,1251,0,269620,270965
1B/key640,2,1,65,1235,0,265374,266743
1B/key641,2,1,78,1407,0,264107,299993
1B/key642,2,1,4039,4021,0,322670,330796
1B/key643,2,1,84,1765,0,271829,273741
1B/key644,2,1,100,2827,0,435396,438379
1B/key645,2,1,67,1396,0,269587,271101
1B/key646,2,1,64,1326,0,74360,75796
1B/key647,2,1,56,1159,0,75183,76439
1B/key648,2,1,53,1191,0,73100,74386
1B/key649,2,1,59,1127,0,73137,74365
1B/key650,2,1,65,1115,0,74147,75371
1B/key651,2,1,52,1109,0,72189,73395
1B/key652,2,1,63,1117,0,75805,77030
1B/key653,2,1,61,1103,0,73595,74800
1B/key654,2,1,62,1140,0,84536,85782
1B/key655,2,1,60,1121,0,72780,74005
1B/key656,2,1,58,1045,0,72973,74120
1B/key657,2,1,61,1164,0,73041,74333
1B/key658,2,1,61,1107,0,74259,75469
1B/key659,2,1,61,1076,0,72780,73962
1B/key660,2,1,59,1127,0,72210,73441
1B/key661,2,1,59,1087,0,102538,103733
1B/key662,2,1,68,1111,0,276698,277923
1B/key663,2,1,61,1258,0,260570,261931
1B/key664,2,1,61,1239,0,262775,264124
1B/key665,2,1,59,1349,0,258239,259694
1B/key666,2,1,66,1305,0,276289,277708
1B/key667,2,1,70,1327,0,263127,264577
1B/key668,2,1,62,1279,0,274914,276301
1B/key669,2,1,62,1242,0,264670,266022
1B/key670,2,1,59,1240,0,264183,265544
1B/key671,2,1,74,1263,0,278387,279795
1B/key672,2,1,68,1374,0,266839,268328
1B/key673,2,1,59,1060,0,269171,270350
1B/key674,2,1,61,1311,0,266385,267810
1B/key675,2,1,65,1250,0,268684,270050
1B/key676,2,1,74,1274,0,271798,273191
1B/key677,2,1,68,1267,0,267664,269049
1B/key678,2,1,59,1250,0,266456,267815
1B/key679,2,1,64,1267,0,265941,267318
1B/key680,2,1,70,1229,0,267990,269339
1B/key681,2,1,77,1267,0,269173,270584
1B/key682,2,1,60,1293,0,265427,266826
1B/key683,2,1,57,1257,0,270758,272127
1B/key684,2,1,59,1264,0,267508,268888
1B/key685,2,1,69,1267,0,264234,265626
1B/key686,2,1,69,1247,0,271450,272814
1B/key687,2,1,63,1234,0,264317,265654
1B/key688,2,1,62,1234,0,277799,279165
1B/key689,2,1,60,1283,0,278482,279879
1B/key690,2,1,72,1271,0,275406,276795
1B/key691,2,1,62,1265,0,273659,275049
1B/key692,2,1,72,1331,0,266736,268188
1B/key693,2,1,66,1232,0,261213,262557
1B/key694,2,1,69,1237,0,266189,267558
1B/key695,2,1,94,1373,0,273305,288398
1B/key696,2,1,11897,3201,0,356076,371228
1B/key697,2,1,63,1329,0,273105,274550
1B/key698,2,1,65,1254,0,265837,267251
1B/key699,2,1,82,1547,0,264924,266607
1B/key700,2,1,76,1514,0,301986,303627
1B/key701,2,1,73,1380,0,262175,263683
1B/key702,2,1,64,1268,0,73193,74570
1B/key703,2,1,56,1177,0,76995,78282
1B/key704,2,1,58,1144,0,262306,263559
1B/key705,2,1,62,1232,0,73751,75092
1B/key706,2,1,55,1131,0,75053,76279
1B/key707,2,1,62,1150,0,72697,73948
1B/key708,2,1,63,1085,0,73628,74819
1B/key709,2,1,58,1113,0,75999,77216
1B/key710,2,1,66,1038,0,76946,78094
1B/key711,2,1,53,1255,0,74043,75416
1B/key712,2,1,68,1300,0,75981,77390
1B/key713,2,1,55,1182,0,72342,73623
1B/key714,2,1,64,1177,0,75514,76800
1B/key715,2,1,59,1158,0,71501,72770
1B/key716,2,1,62,1142,0,76358,77609
1B/key717,2,1,65,1141,0,74154,75407
1B/key718,2,1,63,1102,0,264937,266147
1B/key719,2,1,59,1245,0,272962,274309
1B/key720,2,1,54,1187,0,262767,264070
1B/key721,2,1,54,1280,0,265246,266629
1B/key722,2,1,56,1276,0,261403,262785
1B/key723,2,1,62,1293,0,264323,265722
1B/key724,2,1,72,1343,0,263187,264648
1B/key725,2,1,59,1244,0,264476,265827
1B/key726,2,1,63,1252,0,264447,265807
1B/key727,2,1,61,1270,0,280660,282036
1B/key728,2,1,61,1211,0,263803,265120
1B/key729,2,1,55,1228,0,261490,262816
1B/key730,2,1,57,1255,0,266236,267596
1B/key731,2,1,65,1228,0,263973,265312
1B/key732,2,1,53,1304,0,273577,274985
1B/key733,2,1,57,1309,0,267974,269387
1B/key734,2,1,55,1213,0,275490,276805
1B/key735,2,1,53,1303,0,263977,265396
1B/key736,2,1,66,1279,0,263205,264601
1B/key737,2,1,55,1329,0,263822,265253
1B/key738,2,1,65,1273,0,262013,263396
1B/key739,2,1,61,1226,0,265897,267246
1B/key740,2,1,71,1235,0,264991,266350
1B/key741,2,1,60,1243,0,261422,262784
1B/key742,2,1,67,1267,0,265882,267264
1B/key743,2,1,69,1240,0,263742,265096
1B/key744,2,1,66,1231,0,260088,261432
1B/key745,2,1,66,1249,0,260871,262227
1B/key746,2,1,64,1202,0,264107,265419
1B/key747,2,1,60,1278,0,260030,261416
1B/key748,2,1,56,1233,0,261440,262791
1B/key749,2,1,74,1533,0,266854,268511
1B/key750,2,1,369,15391,0,383618,399434
1B/key751,2,1,67,1202,0,277856,279199
1B/key752,2,1,70,1276,0,277429,278818
1B/key753,2,1,67,1197,0,261979,263287
1B/key754,2,1,58,1217,0,278101,279441
1B/key755,2,1,80,1332,0,266914,269650
1B/key756,2,1,209,7729,0,324884,332881
1B/key757,2,1,74,1351,0,264376,265851
1B/key758,2,1,61,1269,0,72399,73771
1B/key759,2,1,67,1194,0,74968,76273
1B/key760,2,1,64,1160,0,266969,268238
1B/key761,2,1,68,1265,0,73842,75217
1B/key762,2,1,55,1238,0,74097,75430
1B/key763,2,1,62,1222,0,73945,75277
1B/key764,2,1,55,1180,0,73708,74991
1B/key765,2,1,53,1179,0,75165,76438
1B/key766,2,1,52,1153,0,75648,76897
1B/key767,2,1,61,1163,0,101018,102286
1B/key768,2,1,52,1136,0,72952,74183
1B/key769,2,1,63,1139,0,74155,75401
1B/key770,2,1,64,1185,0,73492,74787
1B/key771,2,1,54,1161,0,76563,77821
1B/key772,2,1,54,1136,0,73641,74875
1B/key773,2,1,57,1048,0,75830,76979
1B/key774,2,1,57,1070,0,72373,73543
1B/key775,2,1,65,1126,0,72777,74012
1B/key776,2,1,62,1136,0,74287,75525
1B/key777,2,1,59,1147,0,267232,268483
1B/key778,2,1,67,1328,0,274272,275714
1B/key779,2,1,63,1255,0,282072,283435
1B/key780,2,1,62,1249,0,271881,273234
1B/key781,2,1,65,1237,0,265025,266381
1B/key782,2,1,65,1258,0,281644,283009
1B/key783,2,1,67,1245,0,277446,278805
1B/key784,2,1,64,1274,0,266655,268065
1B/key785,2,1,70,1290,0,273975,275387
1B/key786,2,1,68,1271,0,262977,264364
1B/key787,2,1,71,1287,0,262356,263764
1B/key788,2,1,61,1213,0,268857,270184
1B/key789,2,1,60,1290,0,263175,264572
1B/key790,2,1,62,1228,0,269687,271020
1B/key791,2,1,55,1232,0,270495,271850
1B/key792,2,1,63,1261,0,270621,271996
1B/key793,2,1,60,1270,0,263888,265266
1B/key794,2,1,56,1225,0,259977,261306
1B/key795,2,1,60,1233,0,270878,272217
1B/key796,2,1,61,1218,0,264220,265545
1B/key797,2,1,56,1244,0,264850,266197
1B/key798,2,1,62,1200,0,263765,265073
1B/key799,2,1,55,1209,0,273326,274647
1B/key800,2,1,56,1262,0,273218,274587
1B/key801,2,1,54,1198,0,266169,267474
1B/key802,2,1,56,1250,0,275793,277145
1B/key803,2,1,61,1142,0,275680,276945
1B/key804,2,1,81,1269,0,300908,302330
1B/key805,2,1,81,1473,0,268850,288186
1B/key806,2,1,3924,44225,0,335139,383344
1B/key807,2,1,71,1313,0,277209,278637
1B/key808,2,1,69,1291,0,261667,263080
1B/key809,2,1,61,1267,0,262541,263917
1B/key810,2,1,62,1270,0,281324,282703
1B/key811,2,1,60,1332,0,267889,269330
1B/key812,2,1,60,1318,0,266397,267832
1B/key813,2,1,70,1319,0,289227,290687
1B/key814,2,1,80,1441,0,281037,282622
1B/key815,2,1,80,2557,0,273366,276052
1B/key816,2,1,68,1281,0,280298,281691
1B/key817,2,1,57,1266,0,77328,78695
1B/key818,2,1,59,1122,0,277763,278993
1B/key819,2,1,77,1289,0,74800,76210
1B/key820,2,1,59,1299,0,77302,78710
1B/key821,2,1,59,1228,0,75931,77266
1B/key822,2,1,60,1238,0,75766,77116
1B/key823,2,1,57,1088,0,73845,75029
1B/key824,2,1,54,1068,0,73851,75010
1B/key825,2,1,60,1019,0,73566,74684
1B/key826,2,1,53,1023,0,72958,74076
1B/key827,2,1,59,1049,0,74145,75301
1B/key828,2,1,61,1036,0,76631,77787
1B/key829,2,1,66,1043,0,331380,332537
1B/key830,2,1,76,1239,0,280898,282260
1B/key831,2,1,60,1163,0,266610,267921
1B/key832,2,1,77,1280,0,262558,263961
1B/key833,2,1,66,1111,0,265129,266355
1B/key834,2,1,61,1145,0,266462,267713
1B/key835,2,1,59,1202,0,263951,265269
1B/key836,2,1,54,1227,0,262306,263630
1B/key837,2,1,64,1120,0,263118,264348
1B/key838,2,1,63,1093,0,266019,267217
1B/key839,2,1,63,1081,0,264172,265363
1B/key840,2,1,56,1153,0,258840,260104
1B/key841,2,1,63,1226,0,261255,262590
1B/key842,2,1,66,1235,0,261911,263261
1B/key843,2,1,66,1228,0,259837,261183
1B/key844,2,1,61,1195,0,266428,267729
1B/key845,2,1,66,1119,0,262541,263776
1B/key846,2,1,59,1125,0,260425,261655
1B/key847,2,1,71,1190,0,279983,281300
1B/key848,2,1,72,1237,0,261690,263047
1B/key849,2,1,66,1256,0,279227,280595
1B/key850,2,1,67,1221,0,260528,261882
1B/key851,2,1,70,1193,0,273617,274932
1B/key852,2,1,61,1235,0,262696,264045
1B/key853,2,1,63,1208,0,272738,274050
1B/key854,2,1,66,1134,0,267209,268477
1B/key855,2,1,60,1426,0,267881,273462
1B/key856,2,1,118,1987,0,389274,391434
1B/key857,2,1,61,1290,0,262039,263454
1B/key858,2,1,60,1303,0,276073,277478
1B/key859,2,1,67,1258,0,273346,274726
1B/key860,2,1,63,1318,0,272578,274009
1B/key861,2,1,66,1215,0,261963,263303
1B/key862,2,1,68,1242,0,262922,264280
1B/key863,2,1,67,1310,0,262318,263742
1B/key864,2,1,55,1239,0,261143,262493
1B/key865,2,1,62,1241,0,281767,283132
1B/key866,2,1,298,1438,0,280954,282746
1B/key867,2,1,90,2188,0,331880,334218
1B/key868,2,1,95,1326,0,266727,268230
1B/key869,2,1,75,1299,0,270434,271856
1B/key870,2,1,62,1294,0,72854,74253
1B/key871,2,1,66,1079,0,72080,73294
1B/key872,2,1,67,1189,0,70061,71383
1B/key873,2,1,59,1135,0,73540,74781
1B/key874,2,1,56,1057,0,71043,72193
1B/key875,2,1,52,1053,0,69770,70920
1B/key876,2,1,62,1102,0,71565,72775
1B/key877,2,1,54,1029,0,74492,75621
1B/key878,2,1,54,1050,0,73102,74250
1B/key879,2,1,57,1043,0,74368,75513
1B/key880,2,1,55,1031,0,104904,106033
1B/key881,2,1,55,1091,0,70596,71785
1B/key882,2,1,53,1067,0,72751,73914
1B/key883,2,1,59,1057,0,268833,269996
1B/key884,2,1,56,1247,0,258437,259786
1B/key885,2,1,55,1204,0,294589,295894
1B/key886,2,1,56,1118,0,260996,262217
1B/key887,2,1,53,1195,0,258741,260032
1B/key888,2,1,56,1179,0,261634,262912
1B/key889,2,1,57,1191,0,265417,266714
1B/key890,2,1,51,1153,0,261839,263092
1B/key891,2,1,64,1157,0,262939,264208
1B/key892,2,1,54,1159,0,258968,260242
1B/key893,2,1,57,1272,0,262275,263653
1B/key894,2,1,78,1183,0,263293,264600
1B/key895,2,1,52,1101,0,272006,273205
1B/key896,2,1,57,1174,0,265711,267002
1B/key897,2,1,65,1232,0,263236,264578
1B/key898,2,1,60,1134,0,260939,262194
1B/key899,2,1,63,1244,0,270111,271472
1B/key900,2,1,61,1181,0,294502,295795
1B/key901,2,1,64,1245,0,264798,266164
1B/key902,2,1,70,1197,0,268704,270029
1B/key903,2,1,59,1157,0,261047,262305
1B/key904,2,1,62,1181,0,261195,262486
1B/key905,2,1,50,1131,0,263201,264433
1B/key906,2,1,74,1259,0,266481,267861
1B/key907,2,1,54,1220,0,265459,266796
1B/key908,2,1,69,1224,0,270964,272306
1B/key909,2,1,100,5194,0,314287,319632
1B/key910,2,1,67,1186,0,271803,273106
1B/key911,2,1,56,1216,0,275508,276862
1B/key912,2,1,71,1244,0,275939,277310
1B/key913,2,1,60,1116,0,277771,278995
1B/key914,2,1,65,1239,0,274312,275666
1B/key915,2,1,66,1210,0,273732,275050
1B/key916,2,1,61,1220,0,281821,283143
1B/key917,2,1,65,1209,0,277049,278363
1B/key918,2,1,63,1180,0,271341,272631
1B/key919,2,1,67,1235,0,275832,277194
1B/key920,2,1,70,1288,0,277143,278567
1B/key921,2,1,78,1771,0,314541,316450
1B/key922,2,1,74,1423,0,260264,261810
1B/key923,2,1,67,1241,0,74983,76336
1B/key924,2,1,58,1198,0,73061,74361
1B/key925,2,1,66,1117,0,74528,75755
1B/key926,2,1,54,1126,0,73720,74949
1B/key927,2,1,61,1147,0,75610,76863
1B/key928,2,1,58,1127,0,77902,79130
1B/key929,2,1,57,1144,0,71672,72918
1B/key930,2,1,48,1172,0,73220,74480
1B/key931,2,1,68,1078,0,71596,72785
1B/key932,2,1,61,1118,0,72649,73870
1B/key933,2,1,73,1047,0,74051,75214
1B/key934,2,1,53,1086,0,73343,74528
1B/key935,2,1,65,1047,0,70720,71877
1B/key936,2,1,63,1076,0,74207,75386
1B/key937,2,1,65,1090,0,74285,75481
1B/key938,2,1,61,1039,0,74339,75484
1B/key939,2,1,68,1036,0,71917,73069
1B/key940,2,1,57,1050,0,74440,75592
1B/key941,2,1,58,1062,0,74218,75386
1B/key942,2,1,58,1035,0,74221,75358
1B/key943,2,1,52,1011,0,74261,75362
1B/key944,2,1,67,1033,0,76333,77472
1B/key945,2,1,61,1042,0,71978,73132
1B/key946,2,1,67,1073,0,269717,270908
1B/key947,2,1,56,1077,0,264998,266182
1B/key948,2,1,63,1119,0,274721,275949
1B/key949,2,1,61,1048,0,260695,261856
1B/key950,2,1,66,1102,0,290704,291919
1B/key951,2,1,79,1206,0,275164,276519
1B/key952,2,1,65,1350,0,274563,276029
1B/key953,2,1,63,1251,0,277662,279020
1B/key954,2,1,59,1207,0,262808,264119
1B/key955,2,1,64,1247,0,261596,262950
1B/key956,2,1,60,1212,0,273762,275082
1B/key957,2,1,66,1229,0,268427,269785
1B/key958,2,1,62,1305,0,275676,277101
1B/key959,2,1,62,1275,0,277266,278647
1B/key960,2,1,64,1241,0,264539,265898
1B/key961,2,1,59,1267,0,279211,280583
1B/key962,2,1,55,1245,0,274029,275375
1B/key963,2,1,55,1212,0,273998,275308
1B/key964,2,1,68,1218,0,269026,270371
1B/key965,2,1,65,1254,0,275005,276373
1B/key966,2,1,67,1216,0,279142,280505
1B/key967,2,1,71,1458,0,276972,278552
1B/key968,2,1,98,3517,0,353849,357519
1B/key969,2,1,66,1395,0,273926,275439
1B/key970,2,1,67,1239,0,271920,273270
1B/key971,2,1,70,1283,0,264357,265756
1B/key972,2,1,62,1206,0,273418,274736
1B/key973,2,1,70,1285,0,274239,275637
1B/key974,2,1,59,1214,0,264215,265529
1B/key975,2,1,65,1236,0,261683,263031
1B/key976,2,1,63,1345,0,276106,277558
1B/key977,2,1,63,1263,0,274096,275472
1B/key978,2,1,55,1214,0,263812,265131
1B/key979,2,1,62,1246,0,274793,276151
1B/key980,2,1,58,1222,0,298658,299991
1B/key981,2,1,66,1242,0,265987,267362
1B/key982,2,1,74,1813,0,279485,281448
1B/key983,2,1,80,1336,0,297560,299034
1B/key984,2,1,72,1356,0,264702,266185
1B/key985,2,1,77,1309,0,265990,267428
1B/key986,2,1,55,1337,0,74499,75937
1B/key987,2,1,59,1057,0,73009,74167
1B/key988,2,1,55,1026,0,75189,76313
1B/key989,2,1,65,1068,0,71852,73028
1B/key990,2,1,65,1038,0,72883,74025
1B/key991,2,1,55,1037,0,75188,76347
1B/key992,2,1,57,1030,0,75100,76231
1B/key993,2,1,66,1025,0,73712,74850
1B/key994,2,1,60,1021,0,72351,73473
1B/key995,2,1,63,1032,0,73564,74703
1B/key996,2,1,54,1014,0,75440,76550
1B/key997,2,1,59,1026,0,74050,75174
1B/key998,2,1,75,1005,0,75065,76191
1B/key999,2,1,56,1031,0,74396,75523
1B/key0,0,1,75,0,0,0,82
1B/key1,0,1,62,0,0,0,68
1B/key2,0,1,60,0,0,0,66
1B/key3,0,1,58,0,0,0,63
1B/key4,0,1,52,0,0,0,56
1B/key5,0,1,57,0,0,0,62
1B/key6,0,1,57,0,0,0,63
1B/key7,0,1,52,0,0,0,57
1B/key8,0,1,56,0,0,0,61
1B/key9,0,1,55,0,0,0,60
1B/key10,0,1,52,0,0,0,57
1B/key11,0,1,56,0,0,0,61
1B/key12,0,1,56,0,0,0,61
1B/key13,0,1,52,0,0,0,56
1B/key14,0,1,56,0,0,0,61
1B/key15,0,1,57,0,0,0,62
1B/key16,0,1,52,0,0,0,56
1B/key17,0,1,55,0,0,0,60
1B/key18,0,1,56,0,0,0,61
1B/key19,0,1,51,0,0,0,56
1B/key20,0,1,56,0,0,0,62
1B/key21,0,1,56,0,0,0,61
1B/key22,0,1,51,0,0,0,56
1B/key23,0,1,61,0,0,0,66
1B/key24,0,1,59,0,0,0,64
1B/key25,0,1,52,0,0,0,56
1B/key26,0,1,71,0,0,0,77
1B/key27,0,1,53,0,0,0,58
1B/key28,0,1,54,0,0,0,58
1B/key29,0,1,51,0,0,0,56
1B/key30,0,1,46,0,0,0,50
1B/key31,0,1,52,0,0,0,56
1B/key32,0,1,51,0,0,0,56
1B/key33,0,1,44,0,0,0,49
1B/key34,0,1,52,0,0,0,56
1B/key35,0,1,57,0,0,0,62
1B/key36,0,1,67,0,0,0,73
1B/key37,0,1,52,0,0,0,56
1B/key38,0,1,45,0,0,0,50
1B/key39,0,1,52,0,0,0,57
1B/key40,0,1,52,0,0,0,56
1B/key41,0,1,44,0,0,0,48
1B/key42,0,1,51,0,0,0,56
1B/key43,0,1,51,0,0,0,55
1B/key44,0,1,45,0,0,0,50
1B/key45,0,1,51,0,0,0,56
1B/key46,0,1,51,0,0,0,55
1B/key47,0,1,43,0,0,0,48
1B/key48,0,1,51,0,0,0,56
1B/key49,0,1,50,0,0,0,54
1B/key50,0,1,44,0,0,0,49
1B/key51,0,1,52,0,0,0,57
1B/key52,0,1,50,0,0,0,54
1B/key53,0,1,45,0,0,0,50
1B/key54,0,1,57,0,0,0,62
1B/key55,0,1,51,0,0,0,55
1B/key56,0,1,43,0,0,0,47
1B/key57,0,1,51,0,0,0,56
1B/key58,0,1,51,0,0,0,56
1B/key59,0,1,43,0,0,0,48
1B/key60,0,1,51,0,0,0,55
1B/key61,0,1,50,0,0,0,54
1B/key62,0,1,45,0,0,0,50
1B/key63,0,1,56,0,0,0,61
1B/key64,0,1,51,0,0,0,55
1B/key65,0,1,44,0,0,0,48
1B/key66,0,1,51,0,0,0,55
1B/key67,0,1,57,0,0,0,62
1B/key68,0,1,51,0,0,0,56
1B/key69,0,1,43,0,0,0,48
1B/key70,0,1,52,0,0,0,56
1B/key71,0,1,45,0,0,0,49
1B/key72,0,1,43,0,0,0,48
1B/key73,0,1,51,0,0,0,56
1B/key74,0,1,43,0,0,0,48
1B/key75,0,1,41,0,0,0,47
1B/key76,0,1,52,0,0,0,56
1B/key77,0,1,45,0,0,0,51
1B/key78,0,1,41,0,0,0,46
1B/key79,0,1,51,0,0,0,56
1B/key80,0,1,44,0,0,0,49
1B/key81,0,1,42,0,0,0,47
1B/key82,0,1,51,0,0,0,56
1B/key83,0,1,42,0,0,0,47
1B/key84,0,1,42,0,0,0,47
1B/key85,0,1,54,0,0,0,59
1B/key86,0,1,46,0,0,0,51
1B/key87,0,1,42,0,0,0,47
1B/key88,0,1,51,0,0,0,55
1B/key89,0,1,43,0,0,0,48
1B/key90,0,1,52,0,0,0,57
1B/key91,0,1,54,0,0,0,59
1B/key92,0,1,42,0,0,0,47
1B/key93,0,1,42,0,0,0,47
1B/key94,0,1,56,0,0,0,60
1B/key95,0,1,46,0,0,0,51
1B/key96,0,1,42,0,0,0,47
1B/key97,0,1,52,0,0,0,56
1B/key98,0,1,44,0,0,0,49
1B/key99,0,1,43,0,0,0,48
1B/key100,0,1,51,0,0,0,56
1B/key101,0,1,42,0,0,0,47
1B/key102,0,1,43,0,0,0,48
1B/key103,0,1,55,0,0,0,59
1B/key104,0,1,42,0,0,0,47
1B/key105,0,1,61,0,0,0,66
1B/key106,0,1,55,0,0,0,61
1B/key107,0,1,42,0,0,0,47
1B/key108,0,1,95,0,0,0,100
1B/key109,0,1,54,0,0,0,59
1B/key110,0,1,43,0,0,0,47
1B/key111,0,1,53,0,0,0,58
1B/key112,0,1,54,0,0,0,59
1B/key113,0,1,43,0,0,0,47
1B/key114,0,1,52,0,0,0,57
1B/key115,0,1,53,0,0,0,58
1B/key116,0,1,52,0,0,0,57
1B/key117,0,1,55,0,0,0,60
1B/key118,0,1,46,0,0,0,51
1B/key119,0,1,62,0,0,0,66
1B/key120,0,1,50,0,0,0,55
1B/key121,0,1,46,0,0,0,51
1B/key122,0,1,50,0,0,0,55
1B/key123,0,1,50,0,0,0,54
1B/key124,0,1,46,0,0,0,50
1B/key125,0,1,54,0,0,0,59
1B/key126,0,1,50,0,0,0,54
1B/key127,0,1,44,0,0,0,48
1B/key128,0,1,50,0,0,0,54
1B/key129,0,1,50,0,0,0,54
1B/key130,0,1,46,0,0,0,51
1B/key131,0,1,50,0,0,0,54
1B/key132,0,1,49,0,0,0,54
1B/key133,0,1,45,0,0,0,49
1B/key134,0,1,53,0,0,0,57
1B/key135,0,1,50,0,0,0,54
1B/key136,0,1,44,0,0,0,49
1B/key137,0,1,50,0,0,0,54
1B/key138,0,1,49,0,0,0,54
1B/key139,0,1,46,0,0,0,51
1B/key140,0,1,49,0,0,0,54
1B/key141,0,1,49,0,0,0,54
1B/key142,0,1,45,0,0,0,49
1B/key143,0,1,54,0,0,0,58
1B/key144,0,1,50,0,0,0,54
1B/key145,0,1,44,0,0,0,49
1B/key146,0,1,49,0,0,0,54
1B/key147,0,1,49,0,0,0,54
1B/key148,0,1,46,0,0,0,51
1B/key149,0,1,50,0,0,0,55
1B/key150,0,1,49,0,0,0,54
1B/key151,0,1,46,0,0,0,51
1B/key152,0,1,53,0,0,0,58
1B/key153,0,1,56,0,0,0,61
1B/key154,0,1,52,0,0,0,56
1B/key155,0,1,45,0,0,0,50
1B/key156,0,1,72,0,0,0,76
1B/key157,0,1,51,0,0,0,55
1B/key158,0,1,49,0,0,0,53
1B/key159,0,1,51,0,0,0,89
1B/key160,0,1,52,0,0,0,56
1B/key161,0,1,49,0,0,0,54
1B/key162,0,1,51,0,0,0,56
1B/key163,0,1,50,0,0,0,55
1B/key164,0,1,45,0,0,0,50
1B/key165,0,1,52,0,0,0,57
1B/key166,0,1,50,0,0,0,55
1B/key167,0,1,47,0,0,0,52
1B/key168,0,1,51,0,0,0,55
1B/key169,0,1,49,0,0,0,54
1B/key170,0,1,46,0,0,0,51
1B/key171,0,1,51,0,0,0,56
1B/key172,0,1,52,0,0,0,57
1B/key173,0,1,45,0,0,0,50
1B/key174,0,1,51,0,0,0,56
1B/key175,0,1,50,0,0,0,54
1B/key176,0,1,45,0,0,0,50
1B/key177,0,1,50,0,0,0,55
1B/key178,0,1,51,0,0,0,55
1B/key179,0,1,46,0,0,0,51
1B/key180,0,1,50,0,0,0,55
1B/key181,0,1,64,0,0,0,69
1B/key182,0,1,47,0,0,0,52
1B/key183,0,1,52,0,0,0,56
1B/key184,0,1,50,0,0,0,54
1B/key185,0,1,43,0,0,0,47
1B/key186,0,1,51,0,0,0,55
1B/key187,0,1,50,0,0,0,55
1B/key188,0,1,46,0,0,0,51
1B/key189,0,1,51,0,0,0,56
1B/key190,0,1,50,0,0,0,55
1B/key191,0,1,44,0,0,0,49
1B/key192,0,1,51,0,0,0,55
1B/key193,0,1,50,0,0,0,55
1B/key194,0,1,44,0,0,0,49
1B/key195,0,1,51,0,0,0,55
1B/key196,0,1,51,0,0,0,55
1B/key197,0,1,47,0,0,0,51
1B/key198,0,1,51,0,0,0,56
1B/key199,0,1,51,0,0,0,56
1B/key200,0,1,45,0,0,0,50
1B/key201,0,1,51,0,0,0,56
1B/key202,0,1,50,0,0,0,55
1B/key203,0,1,43,0,0,0,48
1B/key204,0,1,50,0,0,0,55
1B/key205,0,1,50,0,0,0,54
1B/key206,0,1,46,0,0,0,51
1B/key207,0,1,51,0,0,0,55
1B/key208,0,1,50,0,0,0,54
1B/key209,0,1,45,0,0,0,50
1B/key210,0,1,51,0,0,0,55
1B/key211,0,1,50,0,0,0,55
1B/key212,0,1,43,0,0,0,48
1B/key213,0,1,62,0,0,0,66
1B/key214,0,1,49,0,0,0,54
1B/key215,0,1,46,0,0,0,51
1B/key216,0,1,51,0,0,0,55
1B/key217,0,1,51,0,0,0,55
1B/key218,0,1,45,0,0,0,50
1B/key219,0,1,56,0,0,0,60
1B/key220,0,1,97,0,0,0,102
1B/key221,0,1,45,0,0,0,50
1B/key222,0,1,50,0,0,0,55
1B/key223,0,1,49,0,0,0,53
1B/key224,0,1,46,0,0,0,51
1B/key225,0,1,51,0,0,0,55
1B/key226,0,1,51,0,0,0,55
1B/key227,0,1,45,0,0,0,49
1B/key228,0,1,52,0,0,0,56
1B/key229,0,1,50,0,0,0,54
1B/key230,0,1,43,0,0,0,48
1B/key231,0,1,51,0,0,0,56
1B/key232,0,1,50,0,0,0,55
1B/key233,0,1,46,0,0,0,51
1B/key234,0,1,51,0,0,0,56
1B/key235,0,1,51,0,0,0,55
1B/key236,0,1,46,0,0,0,51
1B/key237,0,1,52,0,0,0,56
1B/key238,0,1,51,0,0,0,55
1B/key239,0,1,43,0,0,0,48
1B/key240,0,1,51,0,0,0,55
1B/key241,0,1,50,0,0,0,55
1B/key242,0,1,47,0,0,0,51
1B/key243,0,1,51,0,0,0,55
1B/key244,0,1,50,0,0,0,54
1B/key245,0,1,45,0,0,0,49
1B/key246,0,1,51,0,0,0,56
1B/key247,0,1,51,0,0,0,56
1B/key248,0,1,43,0,0,0,48
1B/key249,0,1,59,0,0,0,63
1B/key250,0,1,51,0,0,0,55
1B/key251,0,1,47,0,0,0,51
1B/key252,0,1,51,0,0,0,55
1B/key253,0,1,51,0,0,0,55
1B/key254,0,1,45,0,0,0,50
1B/key255,0,1,51,0,0,0,55
1B/key256,0,1,48,0,0,0,53
1B/key257,0,1,50,0,0,0,55
1B/key258,0,1,60,0,0,0,64
1B/key259,0,1,43,0,0,0,48
1B/key260,0,1,52,0,0,0,56
1B/key261,0,1,43,0,0,0,48
1B/key262,0,1,51,0,0,0,56
1B/key263,0,1,50,0,0,0,54
1B/key264,0,1,47,0,0,0,52
1B/key265,0,1,57,0,0,0,61
1B/key266,0,1,50,0,0,0,54
1B/key267,0,1,45,0,0,0,50
1B/key268,0,1,51,0,0,0,55
1B/key269,0,1,50,0,0,0,55
1B/key270,0,1,44,0,0,0,48
1B/key271,0,1,51,0,0,0,56
1B/key272,0,1,50,0,0,0,55
1B/key273,0,1,46,0,0,0,51
1B/key274,0,1,56,0,0,0,60
1B/key275,0,1,51,0,0,0,55
1B/key276,0,1,45,0,0,0,50
1B/key277,0,1,50,0,0,0,55
1B/key278,0,1,50,0,0,0,55
1B/key279,0,1,43,0,0,0,48
1B/key280,0,1,51,0,0,0,55
1B/key281,0,1,50,0,0,0,54
1B/key282,0,1,45,0,0,0,50
1B/key283,0,1,56,0,0,0,61
1B/key284,0,1,50,0,0,0,54
1B/key285,0,1,45,0,0,0,49
1B/key286,0,1,51,0,0,0,56
1B/key287,0,1,50,0,0,0,55
1B/key288,0,1,43,0,0,0,48
1B/key289,0,1,51,0,0,0,56
1B/key290,0,1,50,0,0,0,54
1B/key291,0,1,45,0,0,0,50
1B/key292,0,1,54,0,0,0,59
1B/key293,0,1,51,0,0,0,55
1B/key294,0,1,45,0,0,0,49
1B/key295,0,1,51,0,0,0,55
1B/key296,0,1,50,0,0,0,55
1B/key297,0,1,43,0,0,0,48
1B/key298,0,1,50,0,0,0,55
1B/key299,0,1,50,0,0,0,55
1B/key300,0,1,46,0,0,0,51
1B/key301,0,1,51,0,0,0,55
1B/key302,0,1,50,0,0,0,55
1B/key303,0,1,44,0,0,0,49
1B/key304,0,1,50,0,0,0,55
1B/key305,0,1,46,0,0,0,50
1B/key306,0,1,51,0,0,0,55
1B/key307,0,1,49,0,0,0,54
1B/key308,0,1,45,0,0,0,50
1B/key309,0,1,50,0,0,0,54
1B/key310,0,1,49,0,0,0,54
1B/key311,0,1,44,0,0,0,49
1B/key312,0,1,59,0,0,0,63
1B/key313,0,1,50,0,0,0,54
1B/key314,0,1,45,0,0,0,51
1B/key315,0,1,50,0,0,0,55
1B/key316,0,1,50,0,0,0,54
1B/key317,0,1,45,0,0,0,49
1B/key318,0,1,51,0,0,0,56
1B/key319,0,1,49,0,0,0,54
1B/key320,0,1,44,0,0,0,49
1B/key321,0,1,58,0,0,0,63
1B/key322,0,1,49,0,0,0,53
1B/key323,0,1,46,0,0,0,51
1B/key324,0,1,50,0,0,0,55
1B/key325,0,1,49,0,0,0,54
1B/key326,0,1,45,0,0,0,49
1B/key327,0,1,51,0,0,0,55
1B/key328,0,1,49,0,0,0,54
1B/key329,0,1,45,0,0,0,49
1B/key330,0,1,51,0,0,0,56
1B/key331,0,1,50,0,0,0,55
1B/key332,0,1,49,0,0,0,54
1B/key333,0,1,94,0,0,0,99
1B/key334,0,1,49,0,0,0,54
1B/key335,0,1,44,0,0,0,49
1B/key336,0,1,51,0,0,0,56
1B/key337,0,1,50,0,0,0,54
1B/key338,0,1,44,0,0,0,49
1B/key339,0,1,59,0,0,0,63
1B/key340,0,1,50,0,0,0,54
1B/key341,0,1,46,0,0,0,51
1B/key342,0,1,51,0,0,0,55
1B/key343,0,1,50,0,0,0,55
1B/key344,0,1,45,0,0,0,50
1B/key345,0,1,52,0,0,0,56
1B/key346,0,1,50,0,0,0,54
1B/key347,0,1,44,0,0,0,49
1B/key348,0,1,59,0,0,0,63
1B/key349,0,1,49,0,0,0,53
1B/key350,0,1,49,0,0,0,54
1B/key351,0,1,51,0,0,0,56
1B/key352,0,1,50,0,0,0,55
1B/key353,0,1,45,0,0,0,50
1B/key354,0,1,52,0,0,0,56
1B/key355,0,1,50,0,0,0,54
1B/key356,0,1,48,0,0,0,53
1B/key357,0,1,51,0,0,0,56
1B/key358,0,1,50,0,0,0,54
1B/key359,0,1,50,0,0,0,55
1B/key360,0,1,51,0,0,0,56
1B/key361,0,1,49,0,0,0,54
1B/key362,0,1,45,0,0,0,50
1B/key363,0,1,51,0,0,0,56
1B/key364,0,1,49,0,0,0,54
1B/key365,0,1,48,0,0,0,53
1B/key366,0,1,51,0,0,0,56
1B/key367,0,1,49,0,0,0,54
1B/key368,0,1,49,0,0,0,53
1B/key369,0,1,51,0,0,0,55
1B/key370,0,1,50,0,0,0,54
1B/key371,0,1,44,0,0,0,49
1B/key372,0,1,51,0,0,0,56
1B/key373,0,1,50,0,0,0,54
1B/key374,0,1,48,0,0,0,53
1B/key375,0,1,51,0,0,0,56
1B/key376,0,1,49,0,0,0,53
1B/key377,0,1,48,0,0,0,53
1B/key378,0,1,50,0,0,0,54
1B/key379,0,1,50,0,0,0,54
1B/key380,0,1,45,0,0,0,49
1B/key381,0,1,54,0,0,0,59
1B/key382,0,1,53,0,0,0,58
1B/key383,0,1,48,0,0,0,53
1B/key384,0,1,51,0,0,0,56
1B/key385,0,1,49,0,0,0,53
1B/key386,0,1,49,0,0,0,54
1B/key387,0,1,51,0,0,0,55
1B/key388,0,1,49,0,0,0,54
1B/key389,0,1,45,0,0,0,50
1B/key390,0,1,54,0,0,0,59
1B/key391,0,1,50,0,0,0,54
1B/key392,0,1,48,0,0,0,53
1B/key393,0,1,51,0,0,0,55
1B/key394,0,1,49,0,0,0,54
1B/key395,0,1,49,0,0,0,54
1B/key396,0,1,50,0,0,0,55
1B/key397,0,1,49,0,0,0,54
1B/key398,0,1,44,0,0,0,49
1B/key399,0,1,54,0,0,0,58
1B/key400,0,1,50,0,0,0,54
1B/key401,0,1,48,0,0,0,53
1B/key402,0,1,50,0,0,0,55
1B/key403,0,1,49,0,0,0,54
1B/key404,0,1,48,0,0,0,52
1B/key405,0,1,51,0,0,0,55
1B/key406,0,1,50,0,0,0,54
1B/key407,0,1,45,0,0,0,49
1B/key408,0,1,54,0,0,0,58
1B/key409,0,1,50,0,0,0,54
1B/key410,0,1,44,0,0,0,49
1B/key411,0,1,50,0,0,0,55
1B/key412,0,1,49,0,0,0,54
1B/key413,0,1,47,0,0,0,52
1B/key414,0,1,50,0,0,0,55
1B/key415,0,1,49,0,0,0,53
1B/key416,0,1,45,0,0,0,50
1B/key417,0,1,54,0,0,0,59
1B/key418,0,1,50,0,0,0,55
1B/key419,0,1,45,0,0,0,49
1B/key420,0,1,50,0,0,0,55
1B/key421,0,1,49,0,0,0,54
1B/key422,0,1,45,0,0,0,50
1B/key423,0,1,51,0,0,0,55
1B/key424,0,1,49,0,0,0,54
1B/key425,0,1,45,0,0,0,50
1B/key426,0,1,55,0,0,0,59
1B/key427,0,1,50,0,0,0,55
1B/key428,0,1,44,0,0,0,49
1B/key429,0,1,51,0,0,0,56
1B/key430,0,1,49,0,0,0,53
1B/key431,0,1,46,0,0,0,50
1B/key432,0,1,51,0,0,0,56
1B/key433,0,1,50,0,0,0,54
1B/key434,0,1,45,0,0,0,50
1B/key435,0,1,54,0,0,0,58
1B/key436,0,1,50,0,0,0,54
1B/key437,0,1,44,0,0,0,49
1B/key438,0,1,50,0,0,0,55
1B/key439,0,1,48,0,0,0,53
1B/key440,0,1,45,0,0,0,50
1B/key441,0,1,50,0,0,0,55
1B/key442,0,1,50,0,0,0,54
1B/key443,0,1,45,0,0,0,50
1B/key444,0,1,57,0,0,0,62
1B/key445,0,1,55,0,0,0,59
1B/key446,0,1,87,0,0,0,92
1B/key447,0,1,51,0,0,0,56
1B/key448,0,1,73,0,0,0,78
1B/key449,0,1,44,0,0,0,49
1B/key450,0,1,52,0,0,0,56
1B/key451,0,1,49,0,0,0,54
1B/key452,0,1,46,0,0,0,51
1B/key453,0,1,55,0,0,0,59
1B/key454,0,1,49,0,0,0,54
1B/key455,0,1,45,0,0,0,49
1B/key456,0,1,51,0,0,0,55
1B/key457,0,1,73,0,0,0,78
1B/key458,0,1,49,0,0,0,54
1B/key459,0,1,55,0,0,0,60
1B/key460,0,1,57,0,0,0,61
1B/key461,0,1,48,0,0,0,52
1B/key462,0,1,59,0,0,0,64
1B/key463,0,1,56,0,0,0,61
1B/key464,0,1,47,0,0,0,52
1B/key465,0,1,54,0,0,0,60
1B/key466,0,1,54,0,0,0,59
1B/key467,0,1,48,0,0,0,53
1B/key468,0,1,55,0,0,0,60
1B/key469,0,1,53,0,0,0,58
1B/key470,0,1,47,0,0,0,52
1B/key471,0,1,55,0,0,0,60
1B/key472,0,1,56,0,0,0,61
1B/key473,0,1,47,0,0,0,52
1B/key474,0,1,54,0,0,0,59
1B/key475,0,1,57,0,0,0,61
1B/key476,0,1,53,0,0,0,58
1B/key477,0,1,55,0,0,0,60
1B/key478,0,1,53,0,0,0,58
1B/key479,0,1,53,0,0,0,58
1B/key480,0,1,55,0,0,0,60
1B/key481,0,1,53,0,0,0,58
1B/key482,0,1,47,0,0,0,52
1B/key483,0,1,54,0,0,0,59
1B/key484,0,1,57,0,0,0,62
1B/key485,0,1,52,0,0,0,57
1B/key486,0,1,55,0,0,0,60
1B/key487,0,1,53,0,0,0,58
1B/key488,0,1,52,0,0,0,58
1B/key489,0,1,55,0,0,0,60
1B/key490,0,1,52,0,0,0,57
1B/key491,0,1,48,0,0,0,63
1B/key492,0,1,54,0,0,0,59
1B/key493,0,1,57,0,0,0,61
1B/key494,0,1,52,0,0,0,57
1B/key495,0,1,55,0,0,0,60
1B/key496,0,1,53,0,0,0,58
1B/key497,0,1,53,0,0,0,58
1B/key498,0,1,55,0,0,0,60
1B/key499,0,1,56,0,0,0,60
1B/key500,0,1,48,0,0,0,52
1B/key501,0,1,54,0,0,0,59
1B/key502,0,1,57,0,0,0,61
1B/key503,0,1,51,0,0,0,57
1B/key504,0,1,54,0,0,0,59
1B/key505,0,1,53,0,0,0,57
1B/key506,0,1,52,0,0,0,58
1B/key507,0,1,55,0,0,0,60
1B/key508,0,1,56,0,0,0,60
1B/key509,0,1,48,0,0,0,53
1B/key510,0,1,59,0,0,0,64
1B/key511,0,1,56,0,0,0,60
1B/key512,0,1,48,0,0,0,53
1B/key513,0,1,54,0,0,0,59
1B/key514,0,1,53,0,0,0,58
1B/key515,0,1,51,0,0,0,56
1B/key516,0,1,54,0,0,0,59
1B/key517,0,1,55,0,0,0,60
1B/key518,0,1,48,0,0,0,53
1B/key519,0,1,59,0,0,0,64
1B/key520,0,1,56,0,0,0,61
1B/key521,0,1,48,0,0,0,52
1B/key522,0,1,64,0,0,0,68
1B/key523,0,1,52,0,0,0,57
1B/key524,0,1,51,0,0,0,56
1B/key525,0,1,54,0,0,0,59
1B/key526,0,1,52,0,0,0,57
1B/key527,0,1,48,0,0,0,53
1B/key528,0,1,60,0,0,0,65
1B/key529,0,1,56,0,0,0,60
1B/key530,0,1,48,0,0,0,53
1B/key531,0,1,54,0,0,0,59
1B/key532,0,1,74,0,0,0,79
1B/key533,0,1,47,0,0,0,52
1B/key534,0,1,54,0,0,0,59
1B/key535,0,1,56,0,0,0,60
1B/key536,0,1,48,0,0,0,52
1B/key537,0,1,60,0,0,0,65
1B/key538,0,1,55,0,0,0,60
1B/key539,0,1,48,0,0,0,53
1B/key540,0,1,55,0,0,0,60
1B/key541,0,1,57,0,0,0,62
1B/key542,0,1,47,0,0,0,52
1B/key543,0,1,56,0,0,0,61
1B/key544,0,1,57,0,0,0,62
1B/key545,0,1,47,0,0,0,52
1B/key546,0,1,55,0,0,0,60
1B/key547,0,1,56,0,0,0,60
1B/key548,0,1,48,0,0,0,52
1B/key549,0,1,54,0,0,0,59
1B/key550,0,1,57,0,0,0,61
1B/key551,0,1,48,0,0,0,53
1B/key552,0,1,55,0,0,0,60
1B/key553,0,1,53,0,0,0,58
1B/key554,0,1,47,0,0,0,52
1B/key555,0,1,56,0,0,0,62
1B/key556,0,1,61,0,0,0,65
1B/key557,0,1,90,0,0,0,96
1B/key558,0,1,54,0,0,0,59
1B/key559,0,1,57,0,0,0,61
1B/key560,0,1,47,0,0,0,52
1B/key561,0,1,54,0,0,0,60
1B/key562,0,1,53,0,0,0,58
1B/key563,0,1,72,0,0,0,76
1B/key564,0,1,46,0,0,0,51
1B/key565,0,1,53,0,0,0,58
1B/key566,0,1,51,0,0,0,55
1B/key567,0,1,48,0,0,0,53
1B/key568,0,1,53,0,0,0,58
1B/key569,0,1,55,0,0,0,59
1B/key570,0,1,46,0,0,0,51
1B/key571,0,1,53,0,0,0,58
1B/key572,0,1,51,0,0,0,55
1B/key573,0,1,54,0,0,0,58
1B/key574,0,1,53,0,0,0,58
1B/key575,0,1,51,0,0,0,55
1B/key576,0,1,48,0,0,0,53
1B/key577,0,1,59,0,0,0,64
1B/key578,0,1,51,0,0,0,56
1B/key579,0,1,45,0,0,0,50
1B/key580,0,1,53,0,0,0,58
1B/key581,0,1,54,0,0,0,59
1B/key582,0,1,51,0,0,0,56
1B/key583,0,1,53,0,0,0,58
1B/key584,0,1,51,0,0,0,55
1B/key585,0,1,48,0,0,0,53
1B/key586,0,1,58,0,0,0,63
1B/key587,0,1,51,0,0,0,55
1B/key588,0,1,45,0,0,0,50
1B/key589,0,1,52,0,0,0,57
1B/key590,0,1,54,0,0,0,59
1B/key591,0,1,46,0,0,0,51
1B/key592,0,1,54,0,0,0,58
1B/key593,0,1,50,0,0,0,55
1B/key594,0,1,48,0,0,0,53
1B/key595,0,1,58,0,0,0,62
1B/key596,0,1,51,0,0,0,56
1B/key597,0,1,45,0,0,0,50
1B/key598,0,1,53,0,0,0,58
1B/key599,0,1,55,0,0,0,60
1B/key600,0,1,51,0,0,0,56
1B/key601,0,1,53,0,0,0,59
1B/key602,0,1,62,0,0,0,66
1B/key603,0,1,47,0,0,0,52
1B/key604,0,1,57,0,0,0,62
1B/key605,0,1,50,0,0,0,55
1B/key606,0,1,45,0,0,0,50
1B/key607,0,1,53,0,0,0,57
1B/key608,0,1,52,0,0,0,57
1B/key609,0,1,51,0,0,0,56
1B/key610,0,1,53,0,0,0,58
1B/key611,0,1,60,0,0,0,65
1B/key612,0,1,47,0,0,0,52
1B/key613,0,1,59,0,0,0,64
1B/key614,0,1,51,0,0,0,55
1B/key615,0,1,46,0,0,0,51
1B/key616,0,1,53,0,0,0,58
1B/key617,0,1,51,0,0,0,56
1B/key618,0,1,51,0,0,0,56
1B/key619,0,1,53,0,0,0,57
1B/key620,0,1,58,0,0,0,63
1B/key621,0,1,45,0,0,0,50
1B/key622,0,1,58,0,0,0,63
1B/key623,0,1,51,0,0,0,55
1B/key624,0,1,45,0,0,0,50
1B/key625,0,1,52,0,0,0,57
1B/key626,0,1,55,0,0,0,60
1B/key627,0,1,47,0,0,0,52
1B/key628,0,1,53,0,0,0,58
1B/key629,0,1,50,0,0,0,55
1B/key630,0,1,48,0,0,0,53
1B/key631,0,1,57,0,0,0,62
1B/key632,0,1,51,0,0,0,55
1B/key633,0,1,46,0,0,0,51
1B/key634,0,1,53,0,0,0,58
1B/key635,0,1,55,0,0,0,59
1B/key636,0,1,45,0,0,0,50
1B/key637,0,1,53,0,0,0,58
1B/key638,0,1,51,0,0,0,55
1B/key639,0,1,48,0,0,0,53
1B/key640,0,1,54,0,0,0,59
1B/key641,0,1,51,0,0,0,55
1B/key642,0,1,46,0,0,0,51
1B/key643,0,1,53,0,0,0,58
1B/key644,0,1,55,0,0,0,59
1B/key645,0,1,46,0,0,0,51
1B/key646,0,1,54,0,0,0,59
1B/key647,0,1,61,0,0,0,65
1B/key648,0,1,45,0,0,0,50
1B/key649,0,1,53,0,0,0,58
1B/key650,0,1,51,0,0,0,56
1B/key651,0,1,45,0,0,0,50
1B/key652,0,1,53,0,0,0,58
1B/key653,0,1,49,0,0,0,54
1B/key654,0,1,55,0,0,0,60
1B/key655,0,1,56,0,0,0,60
1B/key656,0,1,57,0,0,0,62
1B/key657,0,1,54,0,0,0,58
1B/key658,0,1,56,0,0,0,61
1B/key659,0,1,48,0,0,0,53
1B/key660,0,1,55,0,0,0,60
1B/key661,0,1,53,0,0,0,58
1B/key662,0,1,49,0,0,0,54
1B/key663,0,1,55,0,0,0,60
1B/key664,0,1,56,0,0,0,61
1B/key665,0,1,48,0,0,0,53
1B/key666,0,1,54,0,0,0,58
1B/key667,0,1,61,0,0,0,66
1B/key668,0,1,51,0,0,0,56
1B/key669,0,1,57,0,0,0,62
1B/key670,0,1,110,0,0,0,115
1B/key671,0,1,50,0,0,0,54
1B/key672,0,1,54,0,0,0,59
1B/key673,0,1,55,0,0,0,60
1B/key674,0,1,48,0,0,0,52
1B/key675,0,1,53,0,0,0,58
1B/key676,0,1,56,0,0,0,61
1B/key677,0,1,48,0,0,0,53
1B/key678,0,1,54,0,0,0,59
1B/key679,0,1,53,0,0,0,58
1B/key680,0,1,49,0,0,0,54
1B/key681,0,1,55,0,0,0,60
1B/key682,0,1,56,0,0,0,61
1B/key683,0,1,48,0,0,0,53
1B/key684,0,1,54,0,0,0,59
1B/key685,0,1,50,0,0,0,54
1B/key686,0,1,54,0,0,0,59
1B/key687,0,1,52,0,0,0,56
1B/key688,0,1,48,0,0,0,53
1B/key689,0,1,53,0,0,0,58
1B/key690,0,1,54,0,0,0,59
1B/key691,0,1,46,0,0,0,51
1B/key692,0,1,54,0,0,0,59
1B/key693,0,1,56,0,0,0,60
1B/key694,0,1,51,0,0,0,56
1B/key695,0,1,54,0,0,0,59
1B/key696,0,1,50,0,0,0,55
1B/key697,0,1,48,0,0,0,53
1B/key698,0,1,54,0,0,0,58
1B/key699,0,1,51,0,0,0,56
1B/key700,0,1,46,0,0,0,51
1B/key701,0,1,53,0,0,0,58
1B/key702,0,1,55,0,0,0,60
1B/key703,0,1,51,0,0,0,57
1B/key704,0,1,53,0,0,0,58
1B/key705,0,1,50,0,0,0,55
1B/key706,0,1,46,0,0,0,51
1B/key707,0,1,57,0,0,0,62
1B/key708,0,1,51,0,0,0,56
1B/key709,0,1,47,0,0,0,52
1B/key710,0,1,53,0,0,0,57
1B/key711,0,1,51,0,0,0,55
1B/key712,0,1,46,0,0,0,51
1B/key713,0,1,53,0,0,0,58
1B/key714,0,1,51,0,0,0,55
1B/key715,0,1,46,0,0,0,51
1B/key716,0,1,59,0,0,0,63
1B/key717,0,1,51,0,0,0,55
1B/key718,0,1,47,0,0,0,52
1B/key719,0,1,53,0,0,0,58
1B/key720,0,1,51,0,0,0,56
1B/key721,0,1,46,0,0,0,51
1B/key722,0,1,59,0,0,0,64
1B/key723,0,1,51,0,0,0,56
1B/key724,0,1,62,0,0,0,68
1B/key725,0,1,59,0,0,0,64
1B/key726,0,1,51,0,0,0,55
1B/key727,0,1,47,0,0,0,52
1B/key728,0,1,53,0,0,0,57
1B/key729,0,1,51,0,0,0,56
1B/key730,0,1,45,0,0,0,50
1B/key731,0,1,59,0,0,0,63
1B/key732,0,1,51,0,0,0,55
1B/key733,0,1,46,0,0,0,51
1B/key734,0,1,58,0,0,0,63
1B/key735,0,1,51,0,0,0,56
1B/key736,0,1,46,0,0,0,51
1B/key737,0,1,52,0,0,0,57
1B/key738,0,1,51,0,0,0,56
1B/key739,0,1,46,0,0,0,51
1B/key740,0,1,53,0,0,0,58
1B/key741,0,1,51,0,0,0,56
1B/key742,0,1,63,0,0,0,68
1B/key743,0,1,58,0,0,0,63
1B/key744,0,1,51,0,0,0,55
1B/key745,0,1,46,0,0,0,51
1B/key746,0,1,52,0,0,0,57
1B/key747,0,1,54,0,0,0,59
1B/key748,0,1,45,0,0,0,50
1B/key749,0,1,52,0,0,0,57
1B/key750,0,1,51,0,0,0,56
1B/key751,0,1,68,0,0,0,73
1B/key752,0,1,53,0,0,0,57
1B/key753,0,1,50,0,0,0,55
1B/key754,0,1,45,0,0,0,50
1B/key755,0,1,52,0,0,0,57
1B/key756,0,1,55,0,0,0,59
1B/key757,0,1,50,0,0,0,55
1B/key758,0,1,53,0,0,0,58
1B/key759,0,1,51,0,0,0,56
1B/key760,0,1,48,0,0,0,53
1B/key761,0,1,53,0,0,0,57
1B/key762,0,1,51,0,0,0,56
1B/key763,0,1,46,0,0,0,51
1B/key764,0,1,53,0,0,0,58
1B/key765,0,1,54,0,0,0,59
1B/key766,0,1,46,0,0,0,51
1B/key767,0,1,53,0,0,0,58
1B/key768,0,1,51,0,0,0,56
1B/key769,0,1,66,0,0,0,70
1B/key770,0,1,53,0,0,0,58
1B/key771,0,1,52,0,0,0,56
1B/key772,0,1,45,0,0,0,50
1B/key773,0,1,53,0,0,0,57
1B/key774,0,1,55,0,0,0,59
1B/key775,0,1,46,0,0,0,51
1B/key776,0,1,53,0,0,0,58
1B/key777,0,1,51,0,0,0,55
1B/key778,0,1,68,0,0,0,73
1B/key779,0,1,53,0,0,0,59
1B/key780,0,1,54,0,0,0,58
1B/key781,0,1,50,0,0,0,55
1B/key782,0,1,57,0,0,0,62
1B/key783,0,1,53,0,0,0,57
1B/key784,0,1,46,0,0,0,50
1B/key785,0,1,52,0,0,0,57
1B/key786,0,1,51,0,0,0,55
1B/key787,0,1,63,0,0,0,68
1B/key788,0,1,53,0,0,0,58
1B/key789,0,1,50,0,0,0,55
1B/key790,0,1,46,0,0,0,51
1B/key791,0,1,53,0,0,0,58
1B/key792,0,1,51,0,0,0,56
1B/key793,0,1,46,0,0,0,51
1B/key794,0,1,53,0,0,0,58
1B/key795,0,1,51,0,0,0,56
1B/key796,0,1,46,0,0,0,51
1B/key797,0,1,53,0,0,0,58
1B/key798,0,1,51,0,0,0,56
1B/key799,0,1,45,0,0,0,50
1B/key800,0,1,52,0,0,0,57
1B/key801,0,1,50,0,0,0,55
1B/key802,0,1,47,0,0,0,52
1B/key803,0,1,53,0,0,0,58
1B/key804,0,1,51,0,0,0,56
1B/key805,0,1,46,0,0,0,51
1B/key806,0,1,58,0,0,0,63
1B/key807,0,1,51,0,0,0,56
1B/key808,0,1,46,0,0,0,51
1B/key809,0,1,53,0,0,0,58
1B/key810,0,1,51,0,0,0,56
1B/key811,0,1,45,0,0,0,50
1B/key812,0,1,52,0,0,0,57
1B/key813,0,1,50,0,0,0,55
1B/key814,0,1,45,0,0,0,50
1B/key815,0,1,58,0,0,0,63
1B/key816,0,1,51,0,0,0,56
1B/key817,0,1,47,0,0,0,52
1B/key818,0,1,52,0,0,0,57
1B/key819,0,1,51,0,0,0,56
1B/key820,0,1,45,0,0,0,50
1B/key821,0,1,58,0,0,0,63
1B/key822,0,1,51,0,0,0,56
1B/key823,0,1,47,0,0,0,52
1B/key824,0,1,58,0,0,0,63
1B/key825,0,1,51,0,0,0,56
1B/key826,0,1,46,0,0,0,51
1B/key827,0,1,53,0,0,0,58
1B/key828,0,1,50,0,0,0,55
1B/key829,0,1,45,0,0,0,50
1B/key830,0,1,58,0,0,0,63
1B/key831,0,1,51,0,0,0,56
1B/key832,0,1,47,0,0,0,51
1B/key833,0,1,58,0,0,0,63
1B/key834,0,1,51,0,0,0,55
1B/key835,0,1,47,0,0,0,52
1B/key836,0,1,52,0,0,0,57
1B/key837,0,1,51,0,0,0,56
1B/key838,0,1,45,0,0,0,50
1B/key839,0,1,58,0,0,0,62
1B/key840,0,1,50,0,0,0,55
1B/key841,0,1,46,0,0,0,51
1B/key842,0,1,59,0,0,0,64
1B/key843,0,1,51,0,0,0,55
1B/key844,0,1,45,0,0,0,51
1B/key845,0,1,53,0,0,0,58
1B/key846,0,1,51,0,0,0,55
1B/key847,0,1,46,0,0,0,51
1B/key848,0,1,58,0,0,0,63
1B/key849,0,1,52,0,0,0,56
1B/key850,0,1,65,0,0,0,70
1B/key851,0,1,58,0,0,0,63
1B/key852,0,1,51,0,0,0,55
1B/key853,0,1,45,0,0,0,50
1B/key854,0,1,53,0,0,0,58
1B/key855,0,1,54,0,0,0,59
1B/key856,0,1,46,0,0,0,51
1B/key857,0,1,53,0,0,0,58
1B/key858,0,1,51,0,0,0,55
1B/key859,0,1,63,0,0,0,68
1B/key860,0,1,57,0,0,0,61
1B/key861,0,1,51,0,0,0,55
1B/key862,0,1,47,0,0,0,52
1B/key863,0,1,53,0,0,0,58
1B/key864,0,1,54,0,0,0,59
1B/key865,0,1,45,0,0,0,50
1B/key866,0,1,53,0,0,0,58
1B/key867,0,1,51,0,0,0,56
1B/key868,0,1,48,0,0,0,53
1B/key869,0,1,53,0,0,0,58
1B/key870,0,1,51,0,0,0,56
1B/key871,0,1,46,0,0,0,51
1B/key872,0,1,53,0,0,0,58
1B/key873,0,1,54,0,0,0,59
1B/key874,0,1,46,0,0,0,51
1B/key875,0,1,53,0,0,0,58
1B/key876,0,1,50,0,0,0,55
1B/key877,0,1,49,0,0,0,54
1B/key878,0,1,53,0,0,0,58
1B/key879,0,1,51,0,0,0,55
1B/key880,0,1,45,0,0,0,50
1B/key881,0,1,52,0,0,0,57
1B/key882,0,1,54,0,0,0,59
1B/key883,0,1,47,0,0,0,52
1B/key884,0,1,53,0,0,0,58
1B/key885,0,1,50,0,0,0,54
1B/key886,0,1,48,0,0,0,53
1B/key887,0,1,53,0,0,0,58
1B/key888,0,1,51,0,0,0,56
1B/key889,0,1,46,0,0,0,51
1B/key890,0,1,53,0,0,0,58
1B/key891,0,1,56,0,0,0,61
1B/key892,0,1,45,0,0,0,50
1B/key893,0,1,52,0,0,0,57
1B/key894,0,1,51,0,0,0,56
1B/key895,0,1,99,0,0,0,104
1B/key896,0,1,53,0,0,0,58
1B/key897,0,1,51,0,0,0,56
1B/key898,0,1,45,0,0,0,51
1B/key899,0,1,53,0,0,0,58
1B/key900,0,1,51,0,0,0,56
1B/key901,0,1,47,0,0,0,52
1B/key902,0,1,53,0,0,0,58
1B/key903,0,1,51,0,0,0,55
1B/key904,0,1,50,0,0,0,55
1B/key905,0,1,53,0,0,0,58
1B/key906,0,1,51,0,0,0,55
1B/key907,0,1,46,0,0,0,51
1B/key908,0,1,53,0,0,0,58
1B/key909,0,1,51,0,0,0,56
1B/key910,0,1,45,0,0,0,51
1B/key911,0,1,53,0,0,0,58
1B/key912,0,1,51,0,0,0,55
1B/key913,0,1,49,0,0,0,54
1B/key914,0,1,53,0,0,0,58
1B/key915,0,1,51,0,0,0,56
1B/key916,0,1,56,0,0,0,61
1B/key917,0,1,53,0,0,0,58
1B/key918,0,1,51,0,0,0,56
1B/key919,0,1,45,0,0,0,50
1B/key920,0,1,53,0,0,0,58
1B/key921,0,1,51,0,0,0,56
1B/key922,0,1,49,0,0,0,53
1B/key923,0,1,58,0,0,0,63
1B/key924,0,1,51,0,0,0,56
1B/key925,0,1,54,0,0,0,59
1B/key926,0,1,53,0,0,0,58
1B/key927,0,1,51,0,0,0,56
1B/key928,0,1,47,0,0,0,52
1B/key929,0,1,53,0,0,0,58
1B/key930,0,1,50,0,0,0,55
1B/key931,0,1,48,0,0,0,52
1B/key932,0,1,57,0,0,0,62
1B/key933,0,1,51,0,0,0,56
1B/key934,0,1,54,0,0,0,60
1B/key935,0,1,52,0,0,0,57
1B/key936,0,1,51,0,0,0,56
1B/key937,0,1,46,0,0,0,51
1B/key938,0,1,53,0,0,0,58
1B/key939,0,1,51,0,0,0,56
1B/key940,0,1,48,0,0,0,53
1B/key941,0,1,57,0,0,0,62
1B/key942,0,1,51,0,0,0,56
1B/key943,0,1,51,0,0,0,56
1B/key944,0,1,53,0,0,0,58
1B/key945,0,1,52,0,0,0,57
1B/key946,0,1,51,0,0,0,56
1B/key947,0,1,53,0,0,0,57
1B/key948,0,1,51,0,0,0,56
1B/key949,0,1,52,0,0,0,57
1B/key950,0,1,53,0,0,0,58
1B/key951,0,1,51,0,0,0,56
1B/key952,0,1,55,0,0,0,60
1B/key953,0,1,53,0,0,0,58
1B/key954,0,1,52,0,0,0,56
1B/key955,0,1,47,0,0,0,52
1B/key956,0,1,53,0,0,0,58
1B/key957,0,1,51,0,0,0,55
1B/key958,0,1,53,0,0,0,58
1B/key959,0,1,53,0,0,0,58
1B/key960,0,1,51,0,0,0,55
1B/key961,0,1,55,0,0,0,60
1B/key962,0,1,52,0,0,0,57
1B/key963,0,1,51,0,0,0,56
1B/key964,0,1,47,0,0,0,52
1B/key965,0,1,52,0,0,0,57
1B/key966,0,1,51,0,0,0,55
1B/key967,0,1,53,0,0,0,58
1B/key968,0,1,53,0,0,0,58
1B/key969,0,1,51,0,0,0,56
1B/key970,0,1,48,0,0,0,53
1B/key971,0,1,53,0,0,0,58
1B/key972,0,1,52,0,0,0,57
1B/key973,0,1,45,0,0,0,50
1B/key974,0,1,53,0,0,0,57
1B/key975,0,1,51,0,0,0,55
1B/key976,0,1,53,0,0,0,58
1B/key977,0,1,57,0,0,0,61
1B/key978,0,1,51,0,0,0,55
1B/key979,0,1,57,0,0,0,62
1B/key980,0,1,53,0,0,0,58
1B/key981,0,1,51,0,0,0,55
1B/key982,0,1,47,0,0,0,51
1B/key983,0,1,53,0,0,0,58
1B/key984,0,1,51,0,0,0,55
1B/key985,0,1,53,0,0,0,58
1B/key986,0,1,53,0,0,0,57
1B/key987,0,1,51,0,0,0,55
1B/key988,0,1,53,0,0,0,58
1B/key989,0,1,53,0,0,0,58
1B/key990,0,1,52,0,0,0,56
1B/key991,0,1,47,0,0,0,52
1B/key992,0,1,53,0,0,0,58
1B/key993,0,1,51,0,0,0,56
1B/key994,0,1,53,0,0,0,58
1B/key995,0,1,53,0,0,0,58
1B/key996,0,1,51,0,0,0,55
1B/key997,0,1,54,0,0,0,59
1B/key998,0,1,53,0,0,0,58
1B/key999,0,1,51,0,0,0,56
1B/key0,1,1,58,1278,48564,0,49942
1B/key1,1,1,61,1077,38544,0,39722
1B/key2,1,1,59,1034,45717,0,46849
1B/key3,1,1,55,1027,38466,0,39580
1B/key4,1,1,55,1024,22464,0,23581
1B/key5,1,1,58,1022,33985,0,35102
1B/key6,1,1,52,1016,23516,0,24622
1B/key7,1,1,53,1058,22560,0,23704
1B/key8,1,1,56,1055,61702,0,62854
1B/key9,1,1,60,1040,36715,0,37850
1B/key10,1,1,57,1026,23301,0,24424
1B/key11,1,1,56,1004,21314,0,22412
1B/key12,1,1,58,1085,44989,0,46165
1B/key13,1,1,57,1027,21319,0,22442
1B/key14,1,1,57,1003,35601,0,36699
1B/key15,1,1,54,1037,21765,0,22894
1B/key16,1,1,56,1033,42943,0,44065
1B/key17,1,1,56,1039,34659,0,35792
1B/key18,1,1,55,1013,21322,0,22431
1B/key19,1,1,54,1046,25169,0,26301
1B/key20,1,1,52,1058,20944,0,22093
1B/key21,1,1,56,1015,23228,0,24337
1B/key22,1,1,60,1048,39143,0,40290
1B/key23,1,1,53,1025,19980,0,21095
1B/key24,1,1,54,1000,20642,0,21732
1B/key25,1,1,57,996,38984,0,40074
1B/key26,1,1,103,1020,23369,0,24524
1B/key27,1,1,61,1070,26276,0,27438
1B/key28,1,1,57,1030,22943,0,24068
1B/key29,1,1,58,1018,44253,0,45361
1B/key30,1,1,57,1052,35890,0,37035
1B/key31,1,1,55,1050,35847,0,36989
1B/key32,1,1,105,1052,39218,0,40412
1B/key33,1,1,67,1045,16289,0,17432
1B/key34,1,1,56,1010,35944,0,37043
1B/key35,1,1,63,1080,30522,0,31700
1B/key36,1,1,49,1043,28820,0,29944
1B/key37,1,1,57,999,32759,0,33852
1B/key38,1,1,58,1069,35040,0,36204
1B/key39,1,1,56,1037,19493,0,20622
1B/key40,1,1,55,1021,32404,0,33516
1B/key41,1,1,50,1049,19049,0,20185
1B/key42,1,1,57,1064,17389,0,18542
1B/key43,1,1,57,1000,22851,0,23944
1B/key44,1,1,53,1012,18240,0,19336
1B/key45,1,1,56,1013,16455,0,17562
1B/key46,1,1,51,991,20689,0,21768
1B/key47,1,1,56,1002,32685,0,33781
1B/key48,1,1,54,996,34107,0,35194
1B/key49,1,1,55,1025,15647,0,16759
1B/key50,1,1,56,1024,18951,0,20069
1B/key51,1,1,64,1011,18313,0,19418
1B/key52,1,1,52,984,18411,0,19482
1B/key53,1,1,57,992,25382,0,26468
1B/key54,1,1,58,1014,19348,0,20452
1B/key55,1,1,57,1008,30705,0,31806
1B/key56,1,1,60,982,33236,0,34315
1B/key57,1,1,55,1019,30070,0,31177
1B/key58,1,1,53,1008,19892,0,20986
1B/key59,1,1,56,1005,48811,0,49910
1B/key60,1,1,68,988,19890,0,20977
1B/key61,1,1,58,1003,18411,0,19509
1B/key62,1,1,53,983,18521,0,19588
1B/key63,1,1,57,990,11933,0,13018
1B/key64,1,1,56,1051,19920,0,21064
1B/key65,1,1,52,1011,8389,0,9489
1B/key66,1,1,59,975,11726,0,12795
1B/key67,1,1,56,980,11762,0,12834
1B/key68,1,1,55,994,11692,0,12773
1B/key69,1,1,58,994,8638,0,9728
1B/key70,1,1,58,1026,10298,0,11420
1B/key71,1,1,59,1000,9523,0,10619
1B/key72,1,1,53,1024,13208,0,14316
1B/key73,1,1,57,995,10412,0,11495
1B/key74,1,1,57,975,8470,0,9530
1B/key75,1,1,56,979,10477,0,11550
1B/key76,1,1,53,969,9670,0,10720
1B/key77,1,1,57,986,9541,0,10622
1B/key78,1,1,53,981,8613,0,9676
1B/key79,1,1,56,1013,9292,0,10391
1B/key80,1,1,56,994,9515,0,10602
1B/key81,1,1,51,983,7732,0,8797
1B/key82,1,1,59,975,7772,0,8836
1B/key83,1,1,56,965,11934,0,12993
1B/key84,1,1,53,1030,10964,0,12082
1B/key85,1,1,56,1012,13379,0,14480
1B/key86,1,1,60,989,9475,0,10560
1B/key87,1,1,50,1042,9727,0,10850
1B/key88,1,1,53,988,9153,0,10225
1B/key89,1,1,55,976,6880,0,7948
1B/key90,1,1,53,996,10448,0,11528
1B/key91,1,1,60,1016,8030,0,9141
1B/key92,1,1,60,971,8303,0,9370
1B/key93,1,1,53,965,8481,0,9536
1B/key94,1,1,55,977,31569,0,32632
1B/key95,1,1,62,1007,9329,0,10436
1B/key96,1,1,57,989,8664,0,9747
1B/key97,1,1,52,974,8641,0,9703
1B/key98,1,1,53,993,8764,0,9846
1B/key99,1,1,57,1021,8478,0,9592
1B/key100,1,1,57,981,9389,0,10468
1B/key101,1,1,56,1000,7978,0,9068
1B/key102,1,1,61,996,9309,0,10401
1B/key103,1,1,50,981,10782,0,11851
1B/key104,1,1,54,978,10880,0,11944
1B/key105,1,1,56,1003,10395,0,11491
1B/key106,1,1,53,1010,12062,0,13162
1B/key107,1,1,55,1046,10735,0,11874
1B/key108,1,1,53,1052,8850,0,9992
1B/key109,1,1,58,1045,10720,0,11859
1B/key110,1,1,53,1051,23923,0,25057
1B/key111,1,1,54,1051,9632,0,10769
1B/key112,1,1,58,1061,13917,0,15081
1B/key113,1,1,55,1076,9344,0,10513
1B/key114,1,1,50,1087,11315,0,12484
1B/key115,1,1,53,1070,7701,0,8855
1B/key116,1,1,56,1076,8286,0,9448
1B/key117,1,1,53,1063,8891,0,10038
1B/key118,1,1,56,1071,9868,0,11026
1B/key119,1,1,62,999,7206,0,8321
1B/key120,1,1,52,971,26314,0,27375
1B/key121,1,1,54,1006,9988,0,11079
1B/key122,1,1,48,984,8790,0,9857
1B/key123,1,1,57,1017,10017,0,11129
1B/key124,1,1,56,1067,9600,0,10762
1B/key125,1,1,57,1075,8602,0,9767
1B/key126,1,1,57,1050,10507,0,11651
1B/key127,1,1,53,1036,10911,0,12032
1B/key128,1,1,50,1070,10161,0,11316
1B/key129,1,1,74,1062,9459,0,10632
1B/key130,1,1,55,1073,19486,0,20650
1B/key131,1,1,53,996,11743,0,12829
1B/key132,1,1,60,1000,10548,0,11644
1B/key133,1,1,57,985,10337,0,11411
1B/key134,1,1,53,996,8653,0,9733
1B/key135,1,1,57,976,9020,0,10086
1B/key136,1,1,60,979,8618,0,9693
1B/key137,1,1,53,1004,11840,0,12934
1B/key138,1,1,60,974,7641,0,8712
1B/key139,1,1,54,985,9718,0,10787
1B/key140,1,1,50,1013,10706,0,11807
1B/key141,1,1,62,1008,31647,0,32756
1B/key142,1,1,54,983,11184,0,12258
1B/key143,1,1,56,982,14960,0,16030
1B/key144,1,1,51,994,8217,0,9300
1B/key145,1,1,52,973,9530,0,10586
1B/key146,1,1,48,960,10011,0,11055
1B/key147,1,1,58,982,10822,0,11900
1B/key148,1,1,53,973,11887,0,12950
1B/key149,1,1,57,1009,9020,0,10124
1B/key150,1,1,60,991,9466,0,10555
1B/key151,1,1,53,979,7993,0,9056
1B/key152,1,1,50,976,12915,0,13971
1B/key153,1,1,100,1024,11715,0,12876
1B/key154,1,1,49,984,11872,0,12940
1B/key155,1,1,55,1007,11742,0,12839
1B/key156,1,1,58,986,10901,0,11981
1B/key157,1,1,53,993,9443,0,10526
1B/key158,1,1,55,976,12097,0,13159
1B/key159,1,1,60,991,10270,0,11358
1B/key160,1,1,53,1066,9701,0,10857
1B/key161,1,1,53,996,10652,0,11731
1B/key162,1,1,51,1081,11352,0,12514
1B/key163,1,1,59,982,9114,0,10191
1B/key164,1,1,85,1044,10405,0,11570
1B/key165,1,1,60,1017,24259,0,25377
1B/key166,1,1,77,1079,9619,0,10815
1B/key167,1,1,60,1672,9352,0,11121
1B/key168,1,1,64,1012,9645,0,10754
1B/key169,1,1,64,1186,8488,0,9772
1B/key170,1,1,68,1150,10848,0,12108
1B/key171,1,1,63,1074,10572,0,11750
1B/key172,1,1,69,1085,11996,0,13192
1B/key173,1,1,62,1109,10710,0,11915
1B/key174,1,1,61,1108,39650,0,40853
1B/key175,1,1,68,1083,10703,0,11898
1B/key176,1,1,58,998,10966,0,12060
1B/key177,1,1,60,1299,10205,0,11604
1B/key178,1,1,61,1186,11553,0,12838
1B/key179,1,1,60,1161,10098,0,11351
1B/key180,1,1,54,998,10094,0,11177
1B/key181,1,1,59,1278,11856,0,13226
1B/key182,1,1,66,996,9705,0,10801
1B/key183,1,1,60,1066,10351,0,11508
1B/key184,1,1,61,1186,10505,0,11781
1B/key185,1,1,62,1152,10851,0,12103
1B/key186,1,1,59,1097,10010,0,11198
1B/key187,1,1,70,1010,9285,0,10396
1B/key188,1,1,61,1132,10466,0,11697
1B/key189,1,1,55,986,18734,0,19813
1B/key190,1,1,59,1233,10232,0,11563
1B/key191,1,1,60,992,11184,0,16134
1B/key192,1,1,63,2976,63901,0,66978
1B/key193,1,1,133,1191,23151,0,24518
1B/key194,1,1,63,1066,12762,0,13927
1B/key195,1,1,55,1022,26410,0,27522
1B/key196,1,1,54,1011,8772,0,9869
1B/key197,1,1,70,1085,44566,0,45755
1B/key198,1,1,65,1077,9836,0,11011
1B/key199,1,1,53,973,9511,0,10578
1B/key200,1,1,63,1054,7862,0,9017
1B/key201,1,1,58,990,11079,0,12167
1B/key202,1,1,63,999,10573,0,11672
1B/key203,1,1,55,996,10853,0,11936
1B/key204,1,1,54,1010,9810,0,10911
1B/key205,1,1,53,989,9702,0,10781
1B/key206,1,1,55,1012,8375,0,9480
1B/key207,1,1,67,1015,8511,0,9631
1B/key208,1,1,56,979,9441,0,10513
1B/key209,1,1,60,990,10371,0,11452
1B/key210,1,1,59,1010,7853,0,8960
1B/key211,1,1,53,975,9105,0,10171
1B/key212,1,1,55,996,11592,0,12678
1B/key213,1,1,59,1031,9992,0,11119
1B/key214,1,1,57,1009,10008,0,11110
1B/key215,1,1,62,1003,24197,0,25298
1B/key216,1,1,59,1000,9521,0,10637
1B/key217,1,1,58,987,10981,0,12063
1B/key218,1,1,58,1008,8045,0,9147
1B/key219,1,1,56,986,9606,0,10685
1B/key220,1,1,54,1015,8682,0,9788
1B/key221,1,1,53,973,10841,0,11905
1B/key222,1,1,60,1023,7194,0,8315
1B/key223,1,1,57,990,36285,0,37371
1B/key224,1,1,52,1022,10292,0,11403
1B/key225,1,1,62,1004,26877,0,27974
1B/key226,1,1,49,1004,13027,0,14111
1B/key227,1,1,60,1006,11557,0,12661
1B/key228,1,1,58,994,9390,0,10473
1B/key229,1,1,57,1010,9388,0,10493
1B/key230,1,1,58,1029,8188,0,9307
1B/key231,1,1,59,987,10410,0,11492
1B/key232,1,1,58,983,12898,0,13976
1B/key233,1,1,66,993,11534,0,12630
1B/key234,1,1,57,979,10782,0,11855
1B/key235,1,1,58,1008,12293,0,13397
1B/key236,1,1,60,986,8416,0,9499
1B/key237,1,1,64,972,8801,0,9874
1B/key238,1,1,56,1004,8950,0,10042
1B/key239,1,1,56,982,12634,0,13719
1B/key240,1,1,55,1028,10578,0,11698
1B/key241,1,1,54,984,9191,0,10269
1B/key242,1,1,58,1002,11081,0,12178
1B/key243,1,1,54,984,10962,0,12037
1B/key244,1,1,54,976,9220,0,10287
1B/key245,1,1,58,994,14936,0,16024
1B/key246,1,1,65,995,15703,0,16802
1B/key247,1,1,55,997,9437,0,10527
1B/key248,1,1,75,1100,10673,0,11885
1B/key249,1,1,55,1042,8608,0,9743
1B/key250,1,1,59,1058,8569,0,9742
1B/key251,1,1,56,1036,8352,0,9482
1B/key252,1,1,59,1041,10836,0,11974
1B/key253,1,1,58,1055,11169,0,12319
1B/key254,1,1,57,1057,8600,0,9752
1B/key255,1,1,59,1066,9277,0,10439
1B/key256,1,1,53,1090,11975,0,13156
1B/key257,1,1,58,1009,10995,0,12100
1B/key258,1,1,57,1005,13701,0,14799
1B/key259,1,1,59,973,11811,0,12881
1B/key260,1,1,60,1079,9785,0,10959
1B/key261,1,1,54,1089,20276,0,21456
1B/key262,1,1,54,1080,9107,0,10278
1B/key263,1,1,54,1054,8876,0,10021
1B/key264,1,1,57,1044,10888,0,12026
1B/key265,1,1,54,1086,13107,0,14280
1B/key266,1,1,58,989,9703,0,10786
1B/key267,1,1,55,1064,9580,0,10730
1B/key268,1,1,60,1094,10234,0,11418
1B/key269,1,1,60,1054,9769,0,10914
1B/key270,1,1,62,1055,7992,0,9139
1B/key271,1,1,55,1053,13361,0,14500
1B/key272,1,1,52,1019,10293,0,11396
1B/key273,1,1,52,987,11119,0,12190
1B/key274,1,1,57,1008,9993,0,11088
1B/key275,1,1,60,997,12726,0,13815
1B/key276,1,1,51,982,18381,0,19452
1B/key277,1,1,57,1027,16700,0,17821
1B/key278,1,1,57,992,17011,0,18099
1B/key279,1,1,58,1020,18790,0,19908
1B/key280,1,1,55,1023,16268,0,17383
1B/key281,1,1,54,996,71094,0,72182
1B/key282,1,1,60,1030,35827,0,36956
1B/key283,1,1,57,997,37091,0,38181
1B/key284,1,1,57,998,20222,0,21314
1B/key285,1,1,53,1037,20978,0,22107
1B/key286,1,1,58,1008,31793,0,32903
1B/key287,1,1,55,1047,37300,0,38434
1B/key288,1,1,51,1057,20693,0,21839
1B/key289,1,1,53,992,74644,0,75728
1B/key290,1,1,56,1000,20117,0,21209
1B/key291,1,1,57,1001,33190,0,34284
1B/key292,1,1,51,1018,40091,0,41193
1B/key293,1,1,56,1020,35549,0,36663
1B/key294,1,1,47,1015,35119,0,36213
1B/key295,1,1,57,1027,21293,0,22407
1B/key296,1,1,81,989,20803,0,21908
1B/key297,1,1,58,996,27746,0,28832
1B/key298,1,1,57,1022,19934,0,21054
1B/key299,1,1,54,995,43194,0,44281
1B/key300,1,1,66,1022,21683,0,22807
1B/key301,1,1,54,980,19947,0,21019
1B/key302,1,1,59,1007,19388,0,20490
1B/key303,1,1,58,1007,20658,0,21761
1B/key304,1,1,55,1010,19989,0,21090
1B/key305,1,1,54,1002,22294,0,23382
1B/key306,1,1,59,1017,20760,0,21874
1B/key307,1,1,58,1008,36324,0,37428
1B/key308,1,1,59,1003,20780,0,21879
1B/key309,1,1,57,1001,20867,0,21962
1B/key310,1,1,55,1005,20864,0,21961
1B/key311,1,1,57,1006,33122,0,34217
1B/key312,1,1,58,1033,26665,0,27793
1B/key313,1,1,59,983,35426,0,36505
1B/key314,1,1,100,998,36090,0,37226
1B/key315,1,1,66,1076,34389,0,35569
1B/key316,1,1,57,1029,35775,0,36898
1B/key317,1,1,57,1079,21573,0,22747
1B/key318,1,1,58,1008,38121,0,39224
1B/key319,1,1,56,1095,34659,0,35848
1B/key320,1,1,57,1012,20055,0,21162
1B/key321,1,1,63,1014,22368,0,23485
1B/key322,1,1,62,1015,35370,0,36485
1B/key323,1,1,52,1037,21049,0,22176
1B/key324,1,1,57,1030,38024,0,39149
1B/key325,1,1,55,1044,37427,0,38558
1B/key326,1,1,52,1023,33686,0,34799
1B/key327,1,1,57,1039,22229,0,23363
1B/key328,1,1,63,1016,21035,0,22150
1B/key329,1,1,58,984,21062,0,22143
1B/key330,1,1,52,985,20092,0,21166
1B/key331,1,1,59,1004,22963,0,24057
1B/key332,1,1,55,1041,21151,0,22278
1B/key333,1,1,53,1002,21178,0,22271
1B/key334,1,1,50,990,35627,0,36699
1B/key335,1,1,56,1028,20555,0,21669
1B/key336,1,1,60,979,38278,0,39348
1B/key337,1,1,56,1009,34120,0,35222
1B/key338,1,1,53,1016,21749,0,22857
1B/key339,1,1,58,1001,22268,0,23366
1B/key340,1,1,62,1039,9036,0,10169
1B/key341,1,1,55,979,7057,0,8122
1B/key342,1,1,58,976,8936,0,10008
1B/key343,1,1,54,992,7304,0,8387
1B/key344,1,1,53,1008,8189,0,9287
1B/key345,1,1,57,985,10299,0,11377
1B/key346,1,1,54,972,9882,0,10945
1B/key347,1,1,59,992,10219,0,11306
1B/key348,1,1,58,982,10016,0,11093
1B/key349,1,1,53,981,17467,0,18539
1B/key350,1,1,57,992,10274,0,11358
1B/key351,1,1,53,986,10461,0,11538
1B/key352,1,1,65,992,13150,0,14245
1B/key353,1,1,57,992,10500,0,11584
1B/key354,1,1,58,963,10157,0,11214
1B/key355,1,1,58,987,13613,0,14691
1B/key356,1,1,50,969,33998,0,35048
1B/key357,1,1,53,977,10266,0,11355
1B/key358,1,1,56,970,11716,0,12774
1B/key359,1,1,55,985,11995,0,13073
1B/key360,1,1,53,964,11326,0,12374
1B/key361,1,1,58,989,10499,0,11583
1B/key362,1,1,53,1002,20304,0,21397
1B/key363,1,1,61,995,10332,0,11443
1B/key364,1,1,55,959,10398,0,11451
1B/key365,1,1,59,982,9662,0,10738
1B/key366,1,1,63,972,12806,0,13872
1B/key367,1,1,59,980,11014,0,12092
1B/key368,1,1,57,966,10503,0,11557
1B/key369,1,1,61,986,10105,0,11188
1B/key370,1,1,54,990,10750,0,11832
1B/key371,1,1,103,994,9392,0,10526
1B/key372,1,1,56,972,10822,0,11881
1B/key373,1,1,58,997,10467,0,11559
1B/key374,1,1,56,983,10264,0,11340
1B/key375,1,1,60,994,14833,0,15931
1B/key376,1,1,60,1021,11025,0,12143
1B/key377,1,1,63,996,11459,0,12554
1B/key378,1,1,55,996,9939,0,11028
1B/key379,1,1,55,976,9858,0,10926
1B/key380,1,1,58,1019,12346,0,13461
1B/key381,1,1,55,982,11023,0,12097
1B/key382,1,1,59,992,10471,0,11561
1B/key383,1,1,54,976,13341,0,14409
1B/key384,1,1,57,1001,11979,0,13079
1B/key385,1,1,58,1057,12142,0,13301
1B/key386,1,1,59,1018,11557,0,12676
1B/key387,1,1,70,1011,11342,0,12468
1B/key388,1,1,57,1000,9536,0,10645
1B/key389,1,1,57,1032,11633,0,12767
1B/key390,1,1,62,997,10207,0,11308
1B/key391,1,1,56,991,9805,0,10892
1B/key392,1,1,60,1026,22419,0,23546
1B/key393,1,1,56,1012,19114,0,20223
1B/key394,1,1,59,1029,10528,0,11653
1B/key395,1,1,52,1001,10583,0,11672
1B/key396,1,1,55,997,11706,0,12799
1B/key397,1,1,59,1021,12173,0,13294
1B/key398,1,1,54,982,11171,0,12245
1B/key399,1,1,51,1019,12126,0,13229
1B/key400,1,1,58,1006,11836,0,12930
1B/key401,1,1,56,1000,10730,0,11825
1B/key402,1,1,57,988,11555,0,12637
1B/key403,1,1,59,1024,11509,0,12629
1B/key404,1,1,55,983,11079,0,12154
1B/key405,1,1,60,990,9860,0,10942
1B/key406,1,1,55,1012,8582,0,9680
1B/key407,1,1,58,1007,10991,0,12092
1B/key408,1,1,53,974,8725,0,9788
1B/key409,1,1,54,980,9467,0,10539
1B/key410,1,1,59,1022,37270,0,38391
1B/key411,1,1,56,1064,9991,0,11150
1B/key412,1,1,64,1038,9952,0,11092
1B/key413,1,1,58,1021,10118,0,11235
1B/key414,1,1,55,1003,10355,0,11448
1B/key415,1,1,60,1022,10657,0,11775
1B/key416,1,1,58,1039,10743,0,11878
1B/key417,1,1,67,978,11092,0,12178
1B/key418,1,1,60,993,11751,0,12846
1B/key419,1,1,70,1012,11715,0,12836
1B/key420,1,1,62,986,11845,0,12937
1B/key421,1,1,58,1052,13719,0,14867
1B/key422,1,1,60,1016,10632,0,11751
1B/key423,1,1,56,976,11223,0,12299
1B/key424,1,1,57,981,10653,0,11725
1B/key425,1,1,58,1006,10776,0,11880
1B/key426,1,1,63,1011,10402,0,11515
1B/key427,1,1,60,1028,10431,0,11559
1B/key428,1,1,59,997,12166,0,13260
1B/key429,1,1,59,977,10117,0,11195
1B/key430,1,1,61,1000,11346,0,12446
1B/key431,1,1,58,992,31320,0,32409
1B/key432,1,1,56,1018,11862,0,12976
1B/key433,1,1,62,999,9662,0,10763
1B/key434,1,1,57,1001,11017,0,12114
1B/key435,1,1,55,1155,9653,0,10901
1B/key436,1,1,58,1022,9264,0,10383
1B/key437,1,1,54,999,9747,0,10838
1B/key438,1,1,58,996,9234,0,10326
1B/key439,1,1,60,976,9743,0,10816
1B/key440,1,1,59,1003,10696,0,11798
1B/key441,1,1,58,990,10335,0,11421
1B/key442,1,1,58,1016,9982,0,11095
1B/key443,1,1,58,986,27099,0,28183
1B/key444,1,1,56,1056,10964,0,12115
1B/key445,1,1,66,1004,10931,0,12036
1B/key446,1,1,53,1006,9431,0,10530
1B/key447,1,1,64,1001,11239,0,12341
1B/key448,1,1,60,989,10530,0,11616
1B/key449,1,1,53,978,9834,0,10908
1B/key450,1,1,53,1002,13494,0,14589
1B/key451,1,1,57,990,12212,0,13313
1B/key452,1,1,50,1053,10469,0,11607
1B/key453,1,1,59,979,12147,0,13220
1B/key454,1,1,58,994,10464,0,11556
1B/key455,1,1,59,1007,9546,0,10651
1B/key456,1,1,58,980,9693,0,10768
1B/key457,1,1,59,1031,11052,0,12180
1B/key458,1,1,54,1016,10898,0,12006
1B/key459,1,1,55,1001,10156,0,11250
1B/key460,1,1,62,1007,10536,0,11644
1B/key461,1,1,59,991,10409,0,11497
1B/key462,1,1,60,1006,10679,0,11784
1B/key463,1,1,58,991,9784,0,10869
1B/key464,1,1,54,988,9339,0,10418
1B/key465,1,1,59,983,10857,0,11937
1B/key466,1,1,57,1023,11046,0,12164
1B/key467,1,1,55,1015,16414,0,17517
1B/key468,1,1,61,997,8017,0,9109
1B/key469,1,1,64,989,9058,0,10150
1B/key470,1,1,58,993,8764,0,9852
1B/key471,1,1,55,989,10373,0,11453
1B/key472,1,1,63,988,11805,0,12895
1B/key473,1,1,54,1004,11264,0,12363
1B/key474,1,1,54,985,9920,0,10997
1B/key475,1,1,58,1001,10148,0,11245
1B/key476,1,1,56,997,9582,0,10672
1B/key477,1,1,54,997,10248,0,11331
1B/key478,1,1,57,976,9773,0,10839
1B/key479,1,1,60,990,10715,0,11802
1B/key480,1,1,54,1001,11747,0,12839
1B/key481,1,1,64,983,10849,0,11935
1B/key482,1,1,55,1024,10479,0,11596
1B/key483,1,1,60,1020,11089,0,12206
1B/key484,1,1,59,1002,10123,0,11221
1B/key485,1,1,59,992,11364,0,12454
1B/key486,1,1,59,986,10743,0,11819
1B/key487,1,1,56,1016,10104,0,11214
1B/key488,1,1,63,1052,11013,0,12158
1B/key489,1,1,65,984,10746,0,11835
1B/key490,1,1,53,1014,23921,0,25018
1B/key491,1,1,60,1019,10357,0,11472
1B/key492,1,1,52,1008,11790,0,12881
1B/key493,1,1,58,992,10803,0,11890
1B/key494,1,1,60,991,9923,0,11005
1B/key495,1,1,58,992,12425,0,13512
1B/key496,1,1,60,993,9284,0,10369
1B/key497,1,1,56,1005,10745,0,11844
1B/key498,1,1,58,988,9861,0,10939
1B/key499,1,1,62,987,11191,0,12278
1B/key500,1,1,61,998,11092,0,12189
1B/key501,1,1,58,1026,15002,0,16122
1B/key502,1,1,75,993,11160,0,12264
1B/key503,1,1,58,979,10190,0,11265
1B/key504,1,1,54,985,13496,0,14572
1B/key505,1,1,62,1009,11662,0,12771
1B/key506,1,1,54,972,20407,0,21472
1B/key507,1,1,59,998,12880,0,13975
1B/key508,1,1,58,1014,12071,0,13181
1B/key509,1,1,58,989,12012,0,13096
1B/key510,1,1,57,1028,12442,0,13564
1B/key511,1,1,54,1002,11109,0,12201
1B/key512,1,1,57,996,16402,0,17493
1B/key513,1,1,55,974,11542,0,12608
1B/key514,1,1,65,1021,10159,0,11282
1B/key515,1,1,60,994,11734,0,12826
1B/key516,1,1,58,990,10327,0,11413
1B/key517,1,1,58,987,13078,0,14160
1B/key518,1,1,55,988,9176,0,10257
1B/key519,1,1,53,999,39090,0,40180
1B/key520,1,1,62,1006,11020,0,12126
1B/key521,1,1,56,973,14043,0,15109
1B/key522,1,1,56,972,9811,0,10871
1B/key523,1,1,57,965,14775,0,15828
1B/key524,1,1,55,997,9570,0,10654
1B/key525,1,1,49,983,11746,0,12808
1B/key526,1,1,58,1008,13109,0,14212
1B/key527,1,1,59,1021,10156,0,11274
1B/key528,1,1,70,1004,10862,0,11973
1B/key529,1,1,55,1016,8791,0,9898
1B/key530,1,1,58,976,13773,0,14845
1B/key531,1,1,58,990,9563,0,10647
1B/key532,1,1,54,966,11915,0,12973
1B/key533,1,1,60,992,11646,0,12736
1B/key534,1,1,58,975,9012,0,10082
1B/key535,1,1,59,991,13662,0,14749
1B/key536,1,1,81,1004,11438,0,12561
1B/key537,1,1,56,973,12544,0,13610
1B/key538,1,1,53,1005,11806,0,12901
1B/key539,1,1,57,976,9419,0,10488
1B/key540,1,1,54,974,10821,0,11885
1B/key541,1,1,59,977,12267,0,13334
1B/key542,1,1,55,1002,32159,0,33245
1B/key543,1,1,54,997,13436,0,14518
1B/key544,1,1,53,1026,11636,0,12746
1B/key545,1,1,53,993,24506,0,25588
1B/key546,1,1,54,1019,13168,0,14278
1B/key547,1,1,66,989,9128,0,10221
1B/key548,1,1,57,974,12054,0,13121
1B/key549,1,1,57,991,10086,0,11172
1B/key550,1,1,56,969,11396,0,12459
1B/key551,1,1,57,1002,12540,0,13631
1B/key552,1,1,57,1001,17636,0,18732
1B/key553,1,1,54,1003,12221,0,13316
1B/key554,1,1,58,969,22495,0,23560
1B/key555,1,1,60,985,13188,0,14271
1B/key556,1,1,57,1015,12122,0,13232
1B/key557,1,1,54,1023,12610,0,13724
1B/key558,1,1,58,981,9491,0,10567
1B/key559,1,1,63,989,12371,0,13455
1B/key560,1,1,51,974,9198,0,10255
1B/key561,1,1,59,1007,12311,0,13423
1B/key562,1,1,51,1013,9892,0,10987
1B/key563,1,1,57,1005,11670,0,12762
1B/key564,1,1,55,1001,11953,0,13046
1B/key565,1,1,49,1014,12607,0,13706
1B/key566,1,1,48,997,10806,0,11889
1B/key567,1,1,54,979,13586,0,14656
1B/key568,1,1,51,1009,9750,0,10841
1B/key569,1,1,58,994,14442,0,15531
1B/key570,1,1,55,988,9102,0,10181
1B/key571,1,1,54,983,10094,0,11169
1B/key572,1,1,62,998,11930,0,13028
1B/key573,1,1,53,998,11827,0,12915
1B/key574,1,1,57,990,12103,0,13181
1B/key575,1,1,64,1021,11938,0,13061
1B/key576,1,1,54,993,11171,0,12255
1B/key577,1,1,53,982,12347,0,13417
1B/key578,1,1,54,991,12507,0,13584
1B/key579,1,1,54,987,8965,0,10044
1B/key580,1,1,58,996,10719,0,11805
1B/key581,1,1,57,1003,11281,0,12379
1B/key582,1,1,50,996,11656,0,12733
1B/key583,1,1,65,988,10801,0,11893
1B/key584,1,1,55,978,12886,0,13951
1B/key585,1,1,59,977,12849,0,13923
1B/key586,1,1,56,982,12666,0,13734
1B/key587,1,1,55,1024,10466,0,11581
1B/key588,1,1,57,1023,11808,0,12925
1B/key589,1,1,57,985,11230,0,12309
1B/key590,1,1,53,982,12266,0,13330
1B/key591,1,1,63,973,11664,0,12740
1B/key592,1,1,59,999,13993,0,15088
1B/key593,1,1,54,993,13688,0,14772
1B/key594,1,1,57,979,11932,0,13005
1B/key595,1,1,54,990,12155,0,13235
1B/key596,1,1,54,987,9859,0,10930
1B/key597,1,1,60,973,9280,0,10350
1B/key598,1,1,50,966,9246,0,10294
1B/key599,1,1,59,984,12315,0,13395
1B/key600,1,1,55,1004,18809,0,19901
1B/key601,1,1,54,1011,11318,0,12413
1B/key602,1,1,53,1002,9571,0,10657
1B/key603,1,1,54,964,11970,0,13026
1B/key604,1,1,48,973,8983,0,10035
1B/key605,1,1,58,978,10546,0,11620
1B/key606,1,1,51,991,12214,0,13294
1B/key607,1,1,54,966,10902,0,11959
1B/key608,1,1,53,985,12748,0,13834
1B/key609,1,1,52,1007,10503,0,11601
1B/key610,1,1,54,999,7853,0,8938
1B/key611,1,1,47,981,41838,0,42896
1B/key612,1,1,57,1008,11146,0,12249
1B/key613,1,1,62,1012,8761,0,9871
1B/key614,1,1,57,985,8464,0,9538
1B/key615,1,1,52,970,11916,0,12968
1B/key616,1,1,54,975,11418,0,12483
1B/key617,1,1,57,1009,14898,0,16003
1B/key618,1,1,58,1018,9985,0,11099
1B/key619,1,1,60,1036,11408,0,12542
1B/key620,1,1,59,1007,11287,0,12391
1B/key621,1,1,67,1106,9506,0,10718
1B/key622,1,1,62,1083,12277,0,13460
1B/key623,1,1,62,1046,14451,0,15598
1B/key624,1,1,66,1075,43159,0,44342
1B/key625,1,1,56,1130,11078,0,12303
1B/key626,1,1,64,1016,11705,0,12823
1B/key627,1,1,64,1157,12691,0,13955
1B/key628,1,1,52,1030,11383,0,12504
1B/key629,1,1,64,1178,10306,0,11593
1B/key630,1,1,66,1062,9434,0,10615
1B/key631,1,1,51,1067,13017,0,14179
1B/key632,1,1,68,1222,12628,0,13962
1B/key633,1,1,62,1126,12936,0,14166
1B/key634,1,1,52,1041,10068,0,11194
1B/key635,1,1,63,1110,13687,0,14902
1B/key636,1,1,62,1085,11777,0,12969
1B/key637,1,1,51,1272,12971,0,14327
1B/key638,1,1,64,1083,10236,0,11428
1B/key639,1,1,68,1986,10371,0,12461
1B/key640,1,1,61,1110,11602,0,12811
1B/key641,1,1,61,1079,11837,0,13015
1B/key642,1,1,57,1071,14290,0,15456
1B/key643,1,1,62,1071,9237,0,10406
1B/key644,1,1,60,998,12974,0,14062
1B/key645,1,1,58,1070,13368,0,18759
1B/key646,1,1,426,1198,13496,0,16810
1B/key647,1,1,67,1200,13351,0,14662
1B/key648,1,1,57,1009,9318,0,10423
1B/key649,1,1,50,987,11308,0,12376
1B/key650,1,1,58,87301,20410,0,107803
1B/key651,1,1,7977,3752,59644,0,71409
1B/key652,1,1,68,1140,13104,0,14347
1B/key653,1,1,55,1054,9372,0,10515
1B/key654,1,1,69,1702,12605,0,14410
1B/key655,1,1,66,1043,13723,0,14867
1B/key656,1,1,49,1037,11262,0,12380
1B/key657,1,1,51,975,12060,0,13126
1B/key658,1,1,53,1018,13268,0,14369
1B/key659,1,1,52,1023,9366,0,10474
1B/key660,1,1,55,997,10355,0,11445
1B/key661,1,1,59,989,14553,0,15637
1B/key662,1,1,53,991,9582,0,10664
1B/key663,1,1,56,966,13016,0,14068
1B/key664,1,1,57,1010,9991,0,11090
1B/key665,1,1,51,989,12317,0,13394
1B/key666,1,1,57,969,12174,0,13236
1B/key667,1,1,59,976,10142,0,11207
1B/key668,1,1,57,1116,16013,0,17217
1B/key669,1,1,64,1081,9283,0,10460
1B/key670,1,1,60,2720,12091,0,14904
1B/key671,1,1,66,1123,53136,0,54358
1B/key672,1,1,8110,1276,16444,0,25867
1B/key673,1,1,58,1025,12020,0,13140
1B/key674,1,1,55,1089,11920,0,13110
1B/key675,1,1,64,1027,12378,0,13501
1B/key676,1,1,79,1226,12735,0,14075
1B/key677,1,1,58,1036,11698,0,12825
1B/key678,1,1,54,969,9914,0,10979
1B/key679,1,1,56,993,10139,0,11222
1B/key680,1,1,60,1026,11676,0,12799
1B/key681,1,1,53,1016,12302,0,13405
1B/key682,1,1,57,1003,8197,0,9289
1B/key683,1,1,57,1027,13791,0,14913
1B/key684,1,1,62,973,10883,0,11957
1B/key685,1,1,55,1011,12745,0,13856
1B/key686,1,1,58,985,11026,0,12107
1B/key687,1,1,53,996,12265,0,13351
1B/key688,1,1,57,969,9006,0,10062
1B/key689,1,1,57,995,10447,0,11537
1B/key690,1,1,52,977,11647,0,12708
1B/key691,1,1,57,1060,10699,0,11847
1B/key692,1,1,65,1008,12937,0,14050
1B/key693,1,1,57,985,10855,0,11934
1B/key694,1,1,58,1008,10303,0,11400
1B/key695,1,1,55,986,9401,0,10473
1B/key696,1,1,58,1028,45120,0,46239
1B/key697,1,1,53,977,15786,0,16851
1B/key698,1,1,66,1144,11973,0,13217
1B/key699,1,1,53,979,12222,0,13289
1B/key700,1,1,54,1010,15726,0,16830
1B/key701,1,1,52,990,9317,0,10390
1B/key702,1,1,48,996,12647,0,13722
1B/key703,1,1,54,992,16874,0,17953
1B/key704,1,1,66,986,10836,0,11925
1B/key705,1,1,49,977,8691,0,9754
1B/key706,1,1,51,976,13107,0,14170
1B/key707,1,1,57,999,28281,0,29374
1B/key708,1,1,59,1004,12904,0,14005
1B/key709,1,1,59,1004,13245,0,14344
1B/key710,1,1,52,1016,12911,0,14017
1B/key711,1,1,58,996,9401,0,10493
1B/key712,1,1,57,983,25869,0,26946
1B/key713,1,1,58,998,12198,0,13291
1B/key714,1,1,55,1048,12317,0,13459
1B/key715,1,1,58,1006,9434,0,10534
1B/key716,1,1,53,985,12300,0,13375
1B/key717,1,1,52,997,16404,0,17492
1B/key718,1,1,58,990,10375,0,11461
1B/key719,1,1,59,987,11544,0,12632
1B/key720,1,1,58,989,8607,0,9694
1B/key721,1,1,53,995,40560,0,41645
1B/key722,1,1,56,1058,12007,0,13159
1B/key723,1,1,51,1042,14755,0,15886
1B/key724,1,1,53,1017,8403,0,9510
1B/key725,1,1,68,1132,8694,0,9933
1B/key726,1,1,78,965,9805,0,10883
1B/key727,1,1,60,1036,8693,0,9821
1B/key728,1,1,55,998,11674,0,12763
1B/key729,1,1,59,988,9627,0,10710
1B/key730,1,1,54,1058,9299,0,10444
1B/key731,1,1,60,1028,10377,0,11504
1B/key732,1,1,61,989,10319,0,11406
1B/key733,1,1,48,1030,12524,0,13639
1B/key734,1,1,54,956,9382,0,10428
1B/key735,1,1,53,983,11564,0,12636
1B/key736,1,1,50,1023,10749,0,11858
1B/key737,1,1,73,1000,10284,0,11394
1B/key738,1,1,52,981,27584,0,28655
1B/key739,1,1,65,1000,11080,0,12177
1B/key740,1,1,57,991,9732,0,10810
1B/key741,1,1,58,1002,10246,0,11344
1B/key742,1,1,60,1001,10723,0,11815
1B/key743,1,1,47,1000,10661,0,11738
1B/key744,1,1,52,991,9209,0,10288
1B/key745,1,1,55,1035,9888,0,11013
1B/key746,1,1,47,1000,12057,0,13134
1B/key747,1,1,59,1011,9684,0,10790
1B/key748,1,1,54,992,10667,0,11745
1B/key749,1,1,54,999,10903,0,11995
1B/key750,1,1,52,978,12723,0,13790
1B/key751,1,1,58,1004,10897,0,11994
1B/key752,1,1,58,1005,13724,0,14820
1B/key753,1,1,55,990,11679,0,12759
1B/key754,1,1,54,1001,11199,0,12286
1B/key755,1,1,56,990,10071,0,11148
1B/key756,1,1,59,987,8972,0,10055
1B/key757,1,1,63,1003,11203,0,12305
1B/key758,1,1,57,978,11096,0,12161
1B/key759,1,1,58,997,10064,0,11156
1B/key760,1,1,57,1006,12657,0,13757
1B/key761,1,1,57,1013,9601,0,10708
1B/key762,1,1,55,985,10446,0,11523
1B/key763,1,1,52,994,9713,0,10796
1B/key764,1,1,59,986,11854,0,12930
1B/key765,1,1,52,992,14880,0,15961
1B/key766,1,1,57,1026,11913,0,13030
1B/key767,1,1,54,990,9946,0,11021
1B/key768,1,1,57,991,11369,0,12454
1B/key769,1,1,51,982,9662,0,10733
1B/key770,1,1,60,1009,10514,0,11620
1B/key771,1,1,51,987,10728,0,11804
1B/key772,1,1,58,1004,10896,0,11993
1B/key773,1,1,68,983,9905,0,10986
1B/key774,1,1,57,1002,10260,0,11355
1B/key775,1,1,56,1008,10006,0,11107
1B/key776,1,1,61,1009,10054,0,11160
1B/key777,1,1,56,1004,13084,0,14181
1B/key778,1,1,52,999,10583,0,11670
1B/key779,1,1,60,1018,10668,0,11778
1B/key780,1,1,54,992,10002,0,11085
1B/key781,1,1,51,1005,9086,0,10178
1B/key782,1,1,58,1011,10346,0,11452
1B/key783,1,1,52,995,11260,0,12346
1B/key784,1,1,57,982,10033,0,11110
1B/key785,1,1,64,999,10505,0,11605
1B/key786,1,1,54,984,10050,0,11123
1B/key787,1,1,52,983,10202,0,11275
1B/key788,1,1,64,998,8500,0,9599
1B/key789,1,1,56,1009,8525,0,9626
1B/key790,1,1,52,1022,8934,0,10045
1B/key791,1,1,53,994,7977,0,9060
1B/key792,1,1,52,1011,13011,0,14111
1B/key793,1,1,64,995,9965,0,11062
1B/key794,1,1,57,998,9105,0,10197
1B/key795,1,1,58,1009,11728,0,12831
1B/key796,1,1,64,986,36459,0,37547
1B/key797,1,1,50,1008,10549,0,11645
1B/key798,1,1,52,985,11839,0,12907
1B/key799,1,1,50,987,12808,0,13876
1B/key800,1,1,62,1072,9616,0,10786
1B/key801,1,1,51,992,10933,0,12013
1B/key802,1,1,65,1022,11969,0,13094
1B/key803,1,1,57,1014,10142,0,11250
1B/key804,1,1,52,971,11149,0,12210
1B/key805,1,1,101,1061,12299,0,13499
1B/key806,1,1,54,996,10594,0,11681
1B/key807,1,1,55,1023,11516,0,12630
1B/key808,1,1,49,991,11677,0,12754
1B/key809,1,1,59,997,10100,0,11194
1B/key810,1,1,57,976,11431,0,12500
1B/key811,1,1,51,1004,9749,0,10836
1B/key812,1,1,57,1015,10942,0,12051
1B/key813,1,1,52,1022,10355,0,11466
1B/key814,1,1,54,994,11200,0,12285
1B/key815,1,1,64,1005,11979,0,13085
1B/key816,1,1,51,983,11535,0,12608
1B/key817,1,1,59,989,9630,0,10708
1B/key818,1,1,57,1039,10834,0,11967
1B/key819,1,1,58,1005,9526,0,10626
1B/key820,1,1,50,1003,11270,0,12359
1B/key821,1,1,63,1010,9320,0,10430
1B/key822,1,1,57,990,10573,0,11657
1B/key823,1,1,59,991,13199,0,14279
1B/key824,1,1,57,992,10966,0,12047
1B/key825,1,1,57,1070,9441,0,10603
1B/key826,1,1,51,1013,10520,0,11615
1B/key827,1,1,58,1020,12160,0,13274
1B/key828,1,1,54,1016,10019,0,11126
1B/key829,1,1,54,1042,10867,0,11994
1B/key830,1,1,55,989,10876,0,11956
1B/key831,1,1,52,1002,10698,0,11784
1B/key832,1,1,63,1089,17060,0,18247
1B/key833,1,1,55,1009,10459,0,11560
1B/key834,1,1,58,979,12629,0,13703
1B/key835,1,1,50,1003,11959,0,13044
1B/key836,1,1,58,980,11557,0,12632
1B/key837,1,1,58,1040,10679,0,11813
1B/key838,1,1,55,1009,10857,0,11953
1B/key839,1,1,58,1009,14815,0,15915
1B/key840,1,1,57,1075,9398,0,10567
1B/key841,1,1,60,1011,11145,0,12248
1B/key842,1,1,58,1009,22121,0,23226
1B/key843,1,1,48,1012,10582,0,11674
1B/key844,1,1,60,983,12237,0,13317
1B/key845,1,1,60,998,10046,0,11140
1B/key846,1,1,54,977,9801,0,10868
1B/key847,1,1,53,1007,12323,0,13414
1B/key848,1,1,58,988,8866,0,9948
1B/key849,1,1,53,974,10043,0,11106
1B/key850,1,1,48,1001,24091,0,25171
1B/key851,1,1,59,992,11009,0,12091
1B/key852,1,1,59,995,10159,0,11248
1B/key853,1,1,58,997,9622,0,10713
1B/key854,1,1,57,988,8811,0,9893
1B/key855,1,1,61,1000,10063,0,11162
1B/key856,1,1,52,983,11044,0,12115
1B/key857,1,1,54,1013,9690,0,10792
1B/key858,1,1,57,985,10571,0,11650
1B/key859,1,1,52,968,11586,0,12644
1B/key860,1,1,58,1005,10732,0,11830
1B/key861,1,1,54,995,10518,0,11603
1B/key862,1,1,52,965,43753,0,44807
1B/key863,1,1,55,1002,10305,0,11393
1B/key864,1,1,56,976,11007,0,12076
1B/key865,1,1,61,1026,9076,0,10200
1B/key866,1,1,54,968,10228,0,11286
1B/key867,1,1,57,996,9970,0,11059
1B/key868,1,1,60,987,13629,0,14712
1B/key869,1,1,59,1003,10322,0,11420
1B/key870,1,1,57,984,11302,0,12380
1B/key871,1,1,52,1055,8512,0,9651
1B/key872,1,1,57,997,41795,0,42887
1B/key873,1,1,54,1114,11685,0,12886
1B/key874,1,1,56,1042,12043,0,13177
1B/key875,1,1,60,994,10386,0,11477
1B/key876,1,1,57,1000,10250,0,11345
1B/key877,1,1,52,1014,9517,0,10619
1B/key878,1,1,54,1002,12816,0,13910
1B/key879,1,1,54,1068,12580,0,13738
1B/key880,1,1,58,1009,11083,0,12189
1B/key881,1,1,57,992,13286,0,14374
1B/key882,1,1,51,1048,11674,0,12804
1B/key883,1,1,55,973,8819,0,9884
1B/key884,1,1,52,973,10676,0,11757
1B/key885,1,1,60,1001,12086,0,13178
1B/key886,1,1,63,1100,12486,0,13687
1B/key887,1,1,52,1006,34526,0,35621
1B/key888,1,1,58,1001,11912,0,13008
1B/key889,1,1,55,1008,12165,0,13265
1B/key890,1,1,63,971,11885,0,12955
1B/key891,1,1,59,1001,9912,0,11009
1B/key892,1,1,57,1005,11983,0,13083
1B/key893,1,1,58,1001,12401,0,13496
1B/key894,1,1,59,985,8938,0,10019
1B/key895,1,1,53,1017,9848,0,10955
1B/key896,1,1,54,1024,10638,0,11745
1B/key897,1,1,62,1082,12968,0,14149
1B/key898,1,1,59,1031,14528,0,15657
1B/key899,1,1,63,1079,12416,0,13595
1B/key900,1,1,64,1064,14393,0,15565
1B/key901,1,1,66,1192,12012,0,13312
1B/key902,1,1,66,1084,12788,0,13986
1B/key903,1,1,73,1121,10519,0,11746
1B/key904,1,1,63,1000,12639,0,13736
1B/key905,1,1,60,1068,14162,0,15331
1B/key906,1,1,62,1062,12550,0,13720
1B/key907,1,1,52,1042,12261,0,13397
1B/key908,1,1,65,1220,11056,0,12374
1B/key909,1,1,66,1077,12711,0,13898
1B/key910,1,1,52,1056,35040,0,36181
1B/key911,1,1,61,973,12122,0,13194
1B/key912,1,1,59,1030,26824,0,27957
1B/key913,1,1,62,1101,11842,0,13039
1B/key914,1,1,60,1029,11654,0,12787
1B/key915,1,1,60,1103,12653,0,13848
1B/key916,1,1,67,1111,9617,0,10839
1B/key917,1,1,49,1094,10575,0,11752
1B/key918,1,1,64,1028,10497,0,11630
1B/key919,1,1,62,1117,10330,0,11541
1B/key920,1,1,55,1006,10109,0,11214
1B/key921,1,1,48,1061,13381,0,14555
1B/key922,1,1,67,48078,54919,0,103102
1B/key923,1,1,68,1053,14817,0,15974
1B/key924,1,1,58,995,10550,0,11637
1B/key925,1,1,70,1016,43260,0,44384
1B/key926,1,1,60,1005,9294,0,10397
1B/key927,1,1,55,1023,9634,0,10748
1B/key928,1,1,52,1094,10706,0,11883
1B/key929,1,1,58,1022,11503,0,12619
1B/key930,1,1,58,993,12335,0,13422
1B/key931,1,1,53,1003,13260,0,14353
1B/key932,1,1,59,1033,10483,0,11608
1B/key933,1,1,58,995,13924,0,15013
1B/key934,1,1,58,996,13215,0,14304
1B/key935,1,1,51,971,11236,0,12305
1B/key936,1,1,96,1003,13982,0,15117
1B/key937,1,1,55,1007,12302,0,13401
1B/key938,1,1,52,1008,9493,0,10586
1B/key939,1,1,53,1005,10569,0,11665
1B/key940,1,1,53,986,12021,0,13095
1B/key941,1,1,54,962,14257,0,15309
1B/key942,1,1,58,1005,12288,0,13387
1B/key943,1,1,53,991,12901,0,13983
1B/key944,1,1,54,1003,12265,0,13357
1B/key945,1,1,60,984,13417,0,14498
1B/key946,1,1,56,993,11124,0,12205
1B/key947,1,1,55,1007,40074,0,41167
1B/key948,1,1,61,994,13438,0,14527
1B/key949,1,1,53,989,10613,0,11690
1B/key950,1,1,64,1004,12568,0,13671
1B/key951,1,1,64,979,10799,0,11879
1B/key952,1,1,56,1001,13307,0,14398
1B/key953,1,1,58,999,10682,0,11775
1B/key954,1,1,58,1037,11685,0,12815
1B/key955,1,1,53,1080,12559,0,13729
1B/key956,1,1,53,1066,10223,0,11373
1B/key957,1,1,58,1109,10459,0,11663
1B/key958,1,1,61,1076,10440,0,11612
1B/key959,1,1,52,1047,11256,0,12392
1B/key960,1,1,56,1012,10562,0,11668
1B/key961,1,1,60,1051,8920,0,10069
1B/key962,1,1,49,1092,11441,0,12614
1B/key963,1,1,51,1053,12782,0,13925
1B/key964,1,1,54,1067,11924,0,13082
1B/key965,1,1,57,982,12382,0,13458
1B/key966,1,1,58,988,11055,0,12137
1B/key967,1,1,58,1011,10821,0,11926
1B/key968,1,1,57,1099,9548,0,10737
1B/key969,1,1,58,1110,10979,0,12184
1B/key970,1,1,48,1073,11152,0,12310
1B/key971,1,1,54,1073,26325,0,27488
1B/key972,1,1,53,1030,10112,0,11233
1B/key973,1,1,60,1019,17182,0,18293
1B/key974,1,1,58,985,11998,0,13072
1B/key975,1,1,57,1027,11098,0,12219
1B/key976,1,1,63,1007,10270,0,11376
1B/key977,1,1,96,1052,13530,0,14708
1B/key978,1,1,54,1003,23938,0,25032
1B/key979,1,1,53,999,11385,0,12473
1B/key980,1,1,51,1020,11206,0,12313
1B/key981,1,1,72,975,12615,0,13698
1B/key982,1,1,48,979,10038,0,11101
1B/key983,1,1,48,1014,7245,0,8339
1B/key984,1,1,56,1023,9064,0,10180
1B/key985,1,1,67,1006,10986,0,12095
1B/key986,1,1,57,1037,8967,0,10094
1B/key987,1,1,54,992,48184,0,49264
1B/key988,1,1,55,997,37503,0,38591
1B/key989,1,1,61,1015,52482,0,53595
1B/key990,1,1,60,1068,35110,0,36274
1B/key991,1,1,51,1006,36751,0,37845
1B/key992,1,1,50,1052,38356,0,39492
1B/key993,1,1,56,998,31262,0,32354
1B/key994,1,1,51,991,18752,0,19831
1B/key995,1,1,59,987,63137,0,64219
1B/key996,1,1,50,998,37294,0,38373
1B/key997,1,1,58,1000,20399,0,21494
1B/key998,1,1,54,992,34897,0,35978
1B/key999,1,1,59,1012,16991,0,18100
